2022_5_1,250g,background,2022_5_1.jpg
,,,
2022_3_28_1_54_33_163631,101g,paper,2022_3_28_1_54_33_163631.jpg
,,,
2022_3_28_2_2_27_471031,121g,metal,2022_3_28_2_2_27_471031.jpg
,,,
2022_3_28_2_2_37_343745,45g,glass,2022_3_28_2_2_37_343745.jpg
,,,
2022_3_28_2_2_47_943132,276g,paper,2022_3_28_2_2_47_943132.jpg
,,,
2022_3_28_2_2_51_828137,-7g,glass,2022_3_28_2_2_51_828137.jpg
,,,
2022_3_28_2_4_21_529157,9g,paper,2022_3_28_2_4_21_529157.jpg
,,,
2022_3_28_2_4_43_166265,-7g,paper,2022_3_28_2_4_43_166265.jpg
,,,
2022_3_28_2_7_5_552945,146g,paper,2022_3_28_2_7_5_552945.jpg
,,,
2022_3_28_2_7_15_238805,50g,glass,2022_3_28_2_7_15_238805.jpg
,,,
2022_3_28_2_7_25_295751,-5g,metal,2022_3_28_2_7_25_295751.jpg
,,,
2022_3_28_2_7_40_139740,310g,paper,2022_3_28_2_7_40_139740.jpg
,,,
2022_3_28_2_7_45_943389,-7g,paper,2022_3_28_2_7_45_943389.jpg
,,,
2022_3_31_22_31_24_314362,-2g,paper,2022_3_31_22_31_24_314362.jpg
,,,
2022_3_31_22_31_33_198855,64g,glass,2022_3_31_22_31_33_198855.jpg
,,,
2022_3_31_22_31_43_795615,-3g,paper,2022_3_31_22_31_43_795615.jpg
,,,
2022_3_31_22_31_51_592084,-3g,paper,2022_3_31_22_31_51_592084.jpg
,,,
2022_3_31_22_31_56_38164,-2g,paper,2022_3_31_22_31_56_38164.jpg
,,,
2022_3_31_22_32_1_833319,-2g,paper,2022_3_31_22_32_1_833319.jpg
,,,
2022_3_31_22_32_4_468230,-2g,plastic,2022_3_31_22_32_4_468230.jpg
,,,
2022_3_31_22_32_9_536629,-2g,plastic,2022_3_31_22_32_9_536629.jpg
,,,
2022_3_31_22_32_38_797154,51g,glass,2022_3_31_22_32_38_797154.jpg
,,,
2022_3_31_23_58_40_32081,0g,paper,2022_3_31_23_58_40_32081.jpg
,,,
2022_3_31_23_59_21_686083,0g,paper,2022_3_31_23_59_21_686083.jpg
,,,
2022_3_31_23_59_31_557284,51g,glass,2022_3_31_23_59_31_557284.jpg
,,,
2022_3_31_23_59_42_339071,50g,glass,2022_3_31_23_59_42_339071.jpg
,,,
2022_4_1_0_5_45_648202,0g,paper,2022_4_1_0_5_45_648202.jpg
,,,
2022_4_1_0_8_49_477069,0g,paper,2022_4_1_0_8_49_477069.jpg
,,,
2022_4_1_0_9_11_123529,128g,paper,2022_4_1_0_9_11_123529.jpg
,,,
2022_4_1_0_31_28_403875,0g,paper,2022_4_1_0_31_28_403875.jpg
,,,
2022_4_1_0_41_42_926642,100g,plastic,2022_4_1_0_41_42_926642.jpg
,,,
2022_4_1_0_41_44_100101,100g,paper,2022_4_1_0_41_44_100101.jpg
,,,
2022_4_1_0_45_12_343127,48g,glass,2022_4_1_0_45_12_343127.jpg
,,,
2022_4_1_1_18_20_607591,129g,glass,2022_4_1_1_18_20_607591.jpg
,,,
2022_4_1_1_18_57_3307,129g,paper,2022_4_1_1_18_57_3307.jpg
,,,
2022_4_1_1_20_32_263721,129g,metal,2022_4_1_1_20_32_263721.jpg
,,,
2022_4_1_1_20_43_488596,51g,glass,2022_4_1_1_20_43_488596.jpg
,,,
2022_4_1_1_20_47_111838,51g,glass,2022_4_1_1_20_47_111838.jpg
,,,
2022_4_1_1_21_3_328382,123g,glass,2022_4_1_1_21_3_328382.jpg
,,,
2022_4_1_1_21_15_106871,306g,paper,2022_4_1_1_21_15_106871.jpg
,,,
2022_4_1_1_21_59_54296,2g,paper,2022_4_1_1_21_59_54296.jpg
,,,
2022_4_1_1_26_11_202319,123g,paper,2022_4_1_1_26_11_202319.jpg
,,,
2022_4_1_1_26_22_334532,51g,glass,2022_4_1_1_26_22_334532.jpg
,,,
2022_4_1_1_26_37_729554,101g,paper,2022_4_1_1_26_37_729554.jpg
,,,
2022_4_1_1_28_37_426274,32g,paper,2022_4_1_1_28_37_426274.jpg
,,,
2022_4_1_1_28_51_284447,114g,paper,2022_4_1_1_28_51_284447.jpg
,,,
2022_4_1_1_44_1_673938,51g,glass,2022_4_1_1_44_1_673938.jpg
,,,
2022_4_1_2_2_5_617741,128g,paper,2022_4_1_2_2_5_617741.jpg
,,,
2022_4_1_2_10_57_512130,106g,paper,2022_4_1_2_10_57_512130.jpg
,,,
2022_4_1_2_11_21_334448,51g,glass,2022_4_1_2_11_21_334448.jpg
,,,
2022_4_1_2_12_32_764074,51g,glass,2022_4_1_2_12_32_764074.jpg
,,,
2022_4_1_2_14_12_618323,51g,glass,2022_4_1_2_14_12_618323.jpg
,,,
2022_4_1_2_14_46_302988,114g,paper,2022_4_1_2_14_46_302988.jpg
,,,
2022_4_1_2_24_56_24970,51g,glass,2022_4_1_2_24_56_24970.jpg
,,,
2022_4_1_2_25_16_311687,105g,paper,2022_4_1_2_25_16_311687.jpg
,,,
2022_4_1_2_25_17_849844,105g,glass,2022_4_1_2_25_17_849844.jpg
,,,
2022_4_1_2_26_41_526314,51g,glass,2022_4_1_2_26_41_526314.jpg
,,,
2022_4_1_2_27_1_626734,101g,paper,2022_4_1_2_27_1_626734.jpg
,,,
2022_4_1_2_27_3_440232,101g,paper,2022_4_1_2_27_3_440232.jpg
,,,
2022_4_1_2_27_20_727040,-2g,glass,2022_4_1_2_27_20_727040.jpg
,,,
2022_4_1_2_27_30_964662,310g,paper,2022_4_1_2_27_30_964662.jpg
,,,
2022_4_1_2_28_32_500935,0g,glass,2022_4_1_2_28_32_500935.jpg
,,,
2022_4_1_2_28_34_404476,41g,paper,2022_4_1_2_28_34_404476.jpg
,,,
2022_4_1_2_29_0_738638,125g,paper,2022_4_1_2_29_0_738638.jpg
,,,
2022_4_1_2_33_35_625589,128g,glass,2022_4_1_2_33_35_625589.jpg
,,,
2022_4_1_2_33_53_740912,398g,glass,2022_4_1_2_33_53_740912.jpg
,,,
2022_4_1_2_33_55_543224,398g,paper,2022_4_1_2_33_55_543224.jpg
,,,
2022_4_1_2_34_13_477425,-4g,glass,2022_4_1_2_34_13_477425.jpg
,,,
2022_4_1_2_44_39_46915,122g,paper,2022_4_1_2_44_39_46915.jpg
,,,
2022_4_1_2_44_40_223683,122g,glass,2022_4_1_2_44_40_223683.jpg
,,,
2022_4_1_2_45_12_909874,102g,paper,2022_4_1_2_45_12_909874.jpg
,,,
2022_4_1_2_45_16_445057,103g,glass,2022_4_1_2_45_16_445057.jpg
,,,
2022_4_1_3_6_25_43400,32g,,2022_4_1_3_6_25_43400.jpg
,,,
2022_4_1_3_9_38_599430,32g,recycle,2022_4_1_3_9_38_599430.jpg
,,,
2022_4_1_3_9_48_746178,244g,glass,2022_4_1_3_9_48_746178.jpg
,,,
2022_4_1_3_9_59_793183,129g,glass,2022_4_1_3_9_59_793183.jpg
,,,
2022_4_1_3_10_23_795934,-1g,trash,2022_4_1_3_10_23_795934.jpg
,,,
2022_4_1_3_10_43_274567,-1g,trash,2022_4_1_3_10_43_274567.jpg
,,,
2022_4_1_3_11_30_98711,26g,recycle,2022_4_1_3_11_30_98711.jpg
,,,
2022_4_1_3_12_55_775604,132g,recycle,2022_4_1_3_12_55_775604.jpg
,,,
2022_4_1_3_12_56_687187,132g,trash,2022_4_1_3_12_56_687187.jpg
,,,
2022_4_1_3_13_40_699154,137g,trash,2022_4_1_3_13_40_699154.jpg
,,,
2022_4_1_3_13_41_602806,137g,recycle,2022_4_1_3_13_41_602806.jpg
,,,
2022_4_1_3_13_42_603666,137g,recycle,2022_4_1_3_13_42_603666.jpg
,,,
2022_4_1_3_14_35_754118,32g,recycle,2022_4_1_3_14_35_754118.jpg
,,,
2022_4_1_3_14_56_756602,32g,recycle,2022_4_1_3_14_56_756602.jpg
,,,
2022_4_1_3_15_12_599447,128g,recycle,2022_4_1_3_15_12_599447.jpg
,,,
2022_4_1_3_16_48_893749,0g,recycle,2022_4_1_3_16_48_893749.jpg
,,,
2022_4_1_3_17_2_298820,1g,recycle,2022_4_1_3_17_2_298820.jpg
,,,
2022_4_1_3_17_15_248374,0g,trash,2022_4_1_3_17_15_248374.jpg
,,,
2022_4_1_3_17_31_550405,0g,trash,2022_4_1_3_17_31_550405.jpg
,,,
2022_4_1_3_17_48_487305,307g,recycle,2022_4_1_3_17_48_487305.jpg
,,,
2022_4_1_12_0_16_545934,33g,recycle,2022_4_1_12_0_16_545934.jpg
,,,
2022_4_1_12_0_18_174605,33g,trash,2022_4_1_12_0_18_174605.jpg
,,,
2022_4_1_12_0_19_449849,33g,glass,2022_4_1_12_0_19_449849.jpg
,,,
2022_4_1_12_0_22_257142,33g,trash,2022_4_1_12_0_22_257142.jpg
,,,
2022_4_1_12_0_42_386184,-4g,glass,2022_4_1_12_0_42_386184.jpg
,,,
2022_4_1_12_0_43_289690,-4g,recycle,2022_4_1_12_0_43_289690.jpg
,,,
2022_4_1_12_0_56_528879,33g,recycle,2022_4_1_12_0_56_528879.jpg
,,,
2022_4_1_12_0_58_618309,33g,trash,2022_4_1_12_0_58_618309.jpg
,,,
2022_4_1_12_0_59_705599,33g,glass,2022_4_1_12_0_59_705599.jpg
,,,
2022_4_1_12_13_28_174359,-4g,trash,2022_4_1_12_13_28_174359.jpg
,,,
2022_4_1_12_13_29_165897,-4g,glass,2022_4_1_12_13_29_165897.jpg
,,,
2022_4_1_12_13_30_157818,0g,glass,2022_4_1_12_13_30_157818.jpg
,,,
2022_4_1_12_13_31_73237,-4g,recycle,2022_4_1_12_13_31_73237.jpg
,,,
2022_4_1_12_13_32_69604,-4g,plastic,2022_4_1_12_13_32_69604.jpg
,,,
2022_4_1_12_14_49_601736,33g,trash,2022_4_1_12_14_49_601736.jpg
,,,
2022_4_1_12_15_13_426507,-1g,recycle,2022_4_1_12_15_13_426507.jpg
,,,
2022_4_1_12_15_29_555827,-3g,recycle,2022_4_1_12_15_29_555827.jpg
,,,
2022_4_1_12_16_5_344857,58g,recycle,2022_4_1_12_16_5_344857.jpg
,,,
2022_4_1_12_16_39_878684,360g,recycle,2022_4_1_12_16_39_878684.jpg
,,,
2022_4_1_12_16_43_690131,279g,recycle,2022_4_1_12_16_43_690131.jpg
,,,
2022_4_1_12_16_53_25199,306g,trash,2022_4_1_12_16_53_25199.jpg
,,,
2022_4_1_12_16_54_16146,306g,recycle,2022_4_1_12_16_54_16146.jpg
,,,
2022_4_1_12_17_8_881237,304g,trash,2022_4_1_12_17_8_881237.jpg
,,,
2022_4_1_12_17_9_880802,303g,recycle,2022_4_1_12_17_9_880802.jpg
,,,
2022_4_1_12_17_43_952369,132g,recycle,2022_4_1_12_17_43_952369.jpg
,,,
2022_4_1_12_20_27_280495,-3g,trash,2022_4_1_12_20_27_280495.jpg
,,,
2022_4_1_12_20_42_226901,51g,glass,2022_4_1_12_20_42_226901.jpg
,,,
2022_4_1_12_21_4_781886,151g,recycle,2022_4_1_12_21_4_781886.jpg
,,,
2022_4_1_12_21_29_788526,259g,recycle,2022_4_1_12_21_29_788526.jpg
,,,
2022_4_1_12_21_38_394312,261g,recycle,2022_4_1_12_21_38_394312.jpg
,,,
2022_4_1_12_21_50_530341,57g,recycle,2022_4_1_12_21_50_530341.jpg
,,,
2022_4_1_12_21_54_62984,55g,recycle,2022_4_1_12_21_54_62984.jpg
,,,
2022_4_1_12_22_14_357193,52g,recycle,2022_4_1_12_22_14_357193.jpg
,,,
2022_4_1_12_22_15_360658,52g,recycle,2022_4_1_12_22_15_360658.jpg
,,,
2022_4_2_16_9_23_263680,-5g,recycle,2022_4_2_16_9_23_263680.jpg
,,,
2022_4_2_16_9_32_424674,-4g,trash,2022_4_2_16_9_32_424674.jpg
,,,
2022_4_2_16_10_29_207383,12g,glass,2022_4_2_16_10_29_207383.jpg
,,,
2022_4_2_16_10_45_965486,13g,glass,2022_4_2_16_10_45_965486.jpg
,,,
2022_4_2_16_11_47_646057,34g,glass,2022_4_2_16_11_47_646057.jpg
,,,
2022_4_2_16_12_36_16213,217g,trash,2022_4_2_16_12_36_16213.jpg
,,,
2022_4_2_16_12_38_189038,217g,recycle,2022_4_2_16_12_38_189038.jpg
,,,
2022_4_2_16_12_49_699238,224g,recycle,2022_4_2_16_12_49_699238.jpg
,,,
2022_4_2_16_12_50_606373,224g,recycle,2022_4_2_16_12_50_606373.jpg
,,,
2022_4_2_16_12_51_509995,224g,glass,2022_4_2_16_12_51_509995.jpg
,,,
2022_4_2_16_13_11_81073,-3g,recycle,2022_4_2_16_13_11_81073.jpg
,,,
2022_4_2_16_14_7_784321,29g,glass,2022_4_2_16_14_7_784321.jpg
,,,
2022_4_2_16_14_25_361886,21g,glass,2022_4_2_16_14_25_361886.jpg
,,,
2022_4_2_16_14_26_268618,21g,glass,2022_4_2_16_14_26_268618.jpg
,,,
2022_4_2_16_14_38_853839,21g,glass,2022_4_2_16_14_38_853839.jpg
,,,
2022_4_2_16_14_39_854759,21g,recycle,2022_4_2_16_14_39_854759.jpg
,,,
2022_4_2_16_14_40_757515,21g,recycle,2022_4_2_16_14_40_757515.jpg
,,,
2022_4_2_16_14_42_123199,-3g,recycle,2022_4_2_16_14_42_123199.jpg
,,,
2022_4_2_16_16_30_360025,-1g,trash,2022_4_2_16_16_30_360025.jpg
,,,
2022_4_2_16_16_31_262476,-1g,trash,2022_4_2_16_16_31_262476.jpg
,,,
2022_4_2_16_16_33_166587,-1g,trash,2022_4_2_16_16_33_166587.jpg
,,,
2022_4_2_16_16_47_476112,-2g,recycle,2022_4_2_16_16_47_476112.jpg
,,,
2022_4_2_16_16_52_10383,-3g,plastic,2022_4_2_16_16_52_10383.jpg
,,,
2022_4_2_16_16_52_920679,-3g,recycle,2022_4_2_16_16_52_920679.jpg
,,,
2022_4_2_16_18_52_313161,0g,recycle,2022_4_2_16_18_52_313161.jpg
,,,
2022_4_2_16_18_54_122600,0g,trash,2022_4_2_16_18_54_122600.jpg
,,,
2022_4_2_16_19_1_186870,-1g,recycle,2022_4_2_16_19_1_186870.jpg
,,,
2022_4_2_16_19_3_363412,0g,trash,2022_4_2_16_19_3_363412.jpg
,,,
2022_4_2_16_19_4_268882,-1g,glass,2022_4_2_16_19_4_268882.jpg
,,,
2022_4_2_16_19_40_686883,267g,recycle,2022_4_2_16_19_40_686883.jpg
,,,
2022_4_2_16_19_43_44893,267g,recycle,2022_4_2_16_19_43_44893.jpg
,,,
2022_4_2_16_20_40_845853,-5g,trash,2022_4_2_16_20_40_845853.jpg
,,,
2022_4_2_16_22_5_103959,277g,recycle,2022_4_2_16_22_5_103959.jpg
,,,
2022_4_2_16_34_5_25293,33g,recycle,2022_4_2_16_34_5_25293.jpg
,,,
2022_4_2_16_34_38_719133,33g,trash,2022_4_2_16_34_38_719133.jpg
,,,
2022_4_2_16_35_0_928501,4g,trash,2022_4_2_16_35_0_928501.jpg
,,,
2022_4_2_16_35_1_833608,4g,recycle,2022_4_2_16_35_1_833608.jpg
,,,
2022_4_2_16_35_20_235222,2g,trash,2022_4_2_16_35_20_235222.jpg
,,,
2022_4_2_16_37_2_452593,33g,trash,2022_4_2_16_37_2_452593.jpg
,,,
2022_4_2_16_37_23_119241,33g,trash,2022_4_2_16_37_23_119241.jpg
,,,
2022_4_2_16_37_36_255323,36g,recycle,2022_4_2_16_37_36_255323.jpg
,,,
2022_4_2_16_38_33_893291,9g,recycle,2022_4_2_16_38_33_893291.jpg
,,,
2022_4_2_16_39_8_765384,9g,recycle,2022_4_2_16_39_8_765384.jpg
,,,
2022_4_2_16_39_27_344244,33g,trash,2022_4_2_16_39_27_344244.jpg
,,,
2022_4_2_16_39_40_667966,10g,recycle,2022_4_2_16_39_40_667966.jpg
,,,
2022_4_2_16_39_41_577308,10g,recycle,2022_4_2_16_39_41_577308.jpg
,,,
2022_4_2_16_39_53_271029,36g,recycle,2022_4_2_16_39_53_271029.jpg
,,,
2022_4_2_16_40_16_649754,258g,recycle,2022_4_2_16_40_16_649754.jpg
,,,
2022_4_2_16_40_17_557629,258g,recycle,2022_4_2_16_40_17_557629.jpg
,,,
2022_4_2_16_40_41_206887,263g,recycle,2022_4_2_16_40_41_206887.jpg
,,,
2022_4_2_16_41_1_874080,252g,recycle,2022_4_2_16_41_1_874080.jpg
,,,
2022_4_2_16_41_19_720509,258g,recycle,2022_4_2_16_41_19_720509.jpg
,,,
2022_4_2_16_41_59_145619,2g,recycle,2022_4_2_16_41_59_145619.jpg
,,,
2022_4_2_16_42_14_13882,26g,recycle,2022_4_2_16_42_14_13882.jpg
,,,
2022_4_2_16_42_26_242699,22g,glass,2022_4_2_16_42_26_242699.jpg
,,,
2022_4_2_16_42_56_419786,0g,trash,2022_4_2_16_42_56_419786.jpg
,,,
2022_4_2_16_43_15_181798,4g,trash,2022_4_2_16_43_15_181798.jpg
,,,
2022_4_2_16_43_36_835074,-1g,trash,2022_4_2_16_43_36_835074.jpg
,,,
2022_4_2_16_47_40_343874,-4g,recycle,2022_4_2_16_47_40_343874.jpg
,,,
2022_4_2_16_47_48_681259,-3g,recycle,2022_4_2_16_47_48_681259.jpg
,,,
2022_4_2_16_48_7_716399,-4g,recycle,2022_4_2_16_48_7_716399.jpg
,,,
2022_4_2_16_49_27_353018,0g,recycle,2022_4_2_16_49_27_353018.jpg
,,,
2022_4_2_16_49_28_260404,0g,recycle,2022_4_2_16_49_28_260404.jpg
,,,
2022_4_2_16_52_9_477630,126g,trash,2022_4_2_16_52_9_477630.jpg
,,,
2022_4_2_16_52_10_475090,126g,recycle,2022_4_2_16_52_10_475090.jpg
,,,
2022_4_2_16_52_21_791558,126g,recycle,2022_4_2_16_52_21_791558.jpg
,,,
2022_4_2_16_52_53_225596,0g,trash,2022_4_2_16_52_53_225596.jpg
,,,
2022_4_2_16_52_55_667585,0g,recycle,2022_4_2_16_52_55_667585.jpg
,,,
2022_4_2_16_53_29_632676,0g,trash,2022_4_2_16_53_29_632676.jpg
,,,
2022_4_2_16_54_57_25316,18g,glass,2022_4_2_16_54_57_25316.jpg
,,,
2022_4_2_16_55_11_882338,2g,recycle,2022_4_2_16_55_11_882338.jpg
,,,
2022_4_2_16_55_25_737084,23g,recycle,2022_4_2_16_55_25_737084.jpg
,,,
2022_4_2_16_55_40_954669,-1g,trash,2022_4_2_16_55_40_954669.jpg
,,,
2022_4_2_16_55_58_614330,-1g,recycle,2022_4_2_16_55_58_614330.jpg
,,,
2022_4_2_16_56_0_791998,-1g,trash,2022_4_2_16_56_0_791998.jpg
,,,
2022_4_2_16_56_49_245521,508g,glass,2022_4_2_16_56_49_245521.jpg
,,,
2022_4_2_16_57_2_468544,499g,glass,2022_4_2_16_57_2_468544.jpg
,,,
2022_4_2_16_57_14_333132,492g,recycle,2022_4_2_16_57_14_333132.jpg
,,,
2022_4_2_16_57_31_636816,482g,recycle,2022_4_2_16_57_31_636816.jpg
,,,
2022_4_2_16_58_20_635653,222g,recycle,2022_4_2_16_58_20_635653.jpg
,,,
2022_4_2_16_58_38_17057,233g,recycle,2022_4_2_16_58_38_17057.jpg
,,,
2022_4_2_16_58_50_340564,231g,recycle,2022_4_2_16_58_50_340564.jpg
,,,
2022_4_2_16_59_7_276979,250g,recycle,2022_4_2_16_59_7_276979.jpg
,,,
2022_4_2_16_59_24_114764,-1g,recycle,2022_4_2_16_59_24_114764.jpg
,,,
2022_4_2_16_59_25_118823,-1g,trash,2022_4_2_16_59_25_118823.jpg
,,,
2022_4_2_16_59_29_187060,-1g,recycle,2022_4_2_16_59_29_187060.jpg
,,,
2022_4_2_16_59_47_37181,-1g,trash,2022_4_2_16_59_47_37181.jpg
,,,
2022_4_2_17_3_27_475983,0g,recycle,2022_4_2_17_3_27_475983.jpg
,,,
2022_4_2_17_3_47_596434,-1g,recycle,2022_4_2_17_3_47_596434.jpg
,,,
2022_4_2_17_3_59_3921,4g,recycle,2022_4_2_17_3_59_3921.jpg
,,,
2022_4_2_17_6_38_61199,215g,recycle,2022_4_2_17_6_38_61199.jpg
,,,
2022_4_2_17_6_53_454722,220g,recycle,2022_4_2_17_6_53_454722.jpg
,,,
2022_4_2_17_12_23_551557,3g,trash,2022_4_2_17_12_23_551557.jpg
,,,
2022_4_2_17_12_44_922315,252g,glass,2022_4_2_17_12_44_922315.jpg
,,,
2022_4_2_17_12_45_829916,252g,glass,2022_4_2_17_12_45_829916.jpg
,,,
2022_4_2_17_13_3_945934,-4g,recycle,2022_4_2_17_13_3_945934.jpg
,,,
2022_4_2_17_16_50_468656,-1g,recycle,2022_4_2_17_16_50_468656.jpg
,,,
2022_4_2_17_16_51_369142,-1g,trash,2022_4_2_17_16_51_369142.jpg
,,,
2022_4_2_17_17_47_427478,11g,glass,2022_4_2_17_17_47_427478.jpg
,,,
2022_4_2_17_17_59_467856,-4g,recycle,2022_4_2_17_17_59_467856.jpg
,,,
2022_4_2_17_18_3_95241,11g,recycle,2022_4_2_17_18_3_95241.jpg
,,,
2022_4_2_17_18_4_178055,-5g,recycle,2022_4_2_17_18_4_178055.jpg
,,,
2022_4_2_17_18_10_518739,-5g,recycle,2022_4_2_17_18_10_518739.jpg
,,,
2022_4_2_17_18_24_16926,-5g,recycle,2022_4_2_17_18_24_16926.jpg
,,,
2022_4_2_17_18_43_558606,-5g,glass,2022_4_2_17_18_43_558606.jpg
,,,
2022_4_2_17_18_53_62599,-5g,recycle,2022_4_2_17_18_53_62599.jpg
,,,
2022_4_2_17_19_23_203331,8g,glass,2022_4_2_17_19_23_203331.jpg
,,,
2022_4_2_17_19_47_199105,-4g,trash,2022_4_2_17_19_47_199105.jpg
,,,
2022_4_2_17_20_34_556630,-4g,recycle,2022_4_2_17_20_34_556630.jpg
,,,
2022_4_2_17_20_48_601950,3g,recycle,2022_4_2_17_20_48_601950.jpg
,,,
2022_4_2_17_21_0_549515,-4g,trash,2022_4_2_17_21_0_549515.jpg
,,,
2022_4_2_17_21_17_33829,20g,glass,2022_4_2_17_21_17_33829.jpg
,,,
2022_4_2_17_23_2_583274,258g,recycle,2022_4_2_17_23_2_583274.jpg
,,,
2022_4_2_17_23_13_89716,-4g,recycle,2022_4_2_17_23_13_89716.jpg
,,,
2022_4_2_17_23_23_234345,-3g,trash,2022_4_2_17_23_23_234345.jpg
,,,
2022_4_2_17_24_32_487099,54g,glass,2022_4_2_17_24_32_487099.jpg
,,,
2022_4_2_17_24_43_73615,25g,trash,2022_4_2_17_24_43_73615.jpg
,,,
2022_4_2_17_25_11_41997,56g,glass,2022_4_2_17_25_11_41997.jpg
,,,
2022_4_2_17_26_11_526764,251g,glass,2022_4_2_17_26_11_526764.jpg
,,,
2022_4_2_17_26_33_164041,252g,recycle,2022_4_2_17_26_33_164041.jpg
,,,
2022_4_2_17_27_13_847933,-3g,glass,2022_4_2_17_27_13_847933.jpg
,,,
2022_4_2_17_27_33_50903,-3g,glass,2022_4_2_17_27_33_50903.jpg
,,,
2022_4_2_17_36_55_415226,-2g,recycle,2022_4_2_17_36_55_415226.jpg
,,,
2022_4_2_17_50_3_195250,-3g,recycle,2022_4_2_17_50_3_195250.jpg
,,,
2022_4_2_17_50_3_537462,-3g,recycle,2022_4_2_17_50_3_537462.jpg
,,,
2022_4_2_17_50_3_830894,-3g,recycle,2022_4_2_17_50_3_830894.jpg
,,,
2022_4_2_17_50_4_131607,-3g,recycle,2022_4_2_17_50_4_131607.jpg
,,,
2022_4_2_17_50_4_396099,-3g,recycle,2022_4_2_17_50_4_396099.jpg
,,,
2022_4_2_17_50_4_663091,-3g,recycle,2022_4_2_17_50_4_663091.jpg
,,,
2022_4_2_17_50_4_932865,-3g,recycle,2022_4_2_17_50_4_932865.jpg
,,,
2022_4_2_17_50_5_196752,-3g,recycle,2022_4_2_17_50_5_196752.jpg
,,,
2022_4_2_17_50_17_411116,-3g,recycle,2022_4_2_17_50_17_411116.jpg
,,,
2022_4_2_17_50_17_756513,-3g,recycle,2022_4_2_17_50_17_756513.jpg
,,,
2022_4_2_17_50_18_65334,-3g,recycle,2022_4_2_17_50_18_65334.jpg
,,,
2022_4_2_17_50_18_366185,-3g,recycle,2022_4_2_17_50_18_366185.jpg
,,,
2022_4_2_17_50_18_656513,-3g,recycle,2022_4_2_17_50_18_656513.jpg
,,,
2022_4_2_17_50_32_186300,206g,plastic,2022_4_2_17_50_32_186300.jpg
,,,
2022_4_2_17_50_32_517783,206g,plastic,2022_4_2_17_50_32_517783.jpg
,,,
2022_4_2_17_50_32_816227,206g,plastic,2022_4_2_17_50_32_816227.jpg
,,,
2022_4_2_17_50_33_82524,206g,plastic,2022_4_2_17_50_33_82524.jpg
,,,
2022_4_2_17_50_33_389337,206g,plastic,2022_4_2_17_50_33_389337.jpg
,,,
2022_4_2_17_50_33_686231,206g,plastic,2022_4_2_17_50_33_686231.jpg
,,,
2022_4_2_17_52_9_74040,-3g,plastic,2022_4_2_17_52_9_74040.jpg
,,,
2022_4_2_17_52_9_408051,-3g,plastic,2022_4_2_17_52_9_408051.jpg
,,,
2022_4_2_17_52_9_707169,-3g,plastic,2022_4_2_17_52_9_707169.jpg
,,,
2022_4_2_17_52_9_974461,-3g,plastic,2022_4_2_17_52_9_974461.jpg
,,,
2022_4_2_17_52_10_245305,-3g,plastic,2022_4_2_17_52_10_245305.jpg
,,,
2022_4_2_17_52_10_540259,-3g,plastic,2022_4_2_17_52_10_540259.jpg
,,,
2022_4_2_17_56_9_297676,246g,glass,2022_4_2_17_56_9_297676.jpg
,,,
2022_4_2_17_56_9_631754,246g,glass,2022_4_2_17_56_9_631754.jpg
,,,
2022_4_2_17_56_9_926099,246g,glass,2022_4_2_17_56_9_926099.jpg
,,,
2022_4_2_17_56_10_255566,246g,glass,2022_4_2_17_56_10_255566.jpg
,,,
2022_4_2_17_56_10_521273,246g,glass,2022_4_2_17_56_10_521273.jpg
,,,
2022_4_2_17_56_10_827825,246g,glass,2022_4_2_17_56_10_827825.jpg
,,,
2022_4_2_17_56_11_120333,246g,glass,2022_4_2_17_56_11_120333.jpg
,,,
2022_4_2_17_56_21_344523,37g,plastic,2022_4_2_17_56_21_344523.jpg
,,,
2022_4_2_17_56_21_708266,37g,plastic,2022_4_2_17_56_21_708266.jpg
,,,
2022_4_2_17_56_21_982958,37g,plastic,2022_4_2_17_56_21_982958.jpg
,,,
2022_4_2_17_56_22_280275,37g,plastic,2022_4_2_17_56_22_280275.jpg
,,,
2022_4_2_17_56_22_599599,37g,plastic,2022_4_2_17_56_22_599599.jpg
,,,
2022_4_2_17_56_22_880378,37g,plastic,2022_4_2_17_56_22_880378.jpg
,,,
2022_4_2_17_56_23_186992,37g,plastic,2022_4_2_17_56_23_186992.jpg
,,,
2022_4_2_17_56_33_486349,-3g,trash,2022_4_2_17_56_33_486349.jpg
,,,
2022_4_2_17_56_33_817540,-3g,trash,2022_4_2_17_56_33_817540.jpg
,,,
2022_4_2_17_56_34_151968,-3g,trash,2022_4_2_17_56_34_151968.jpg
,,,
2022_4_2_17_56_34_483859,-3g,trash,2022_4_2_17_56_34_483859.jpg
,,,
2022_4_2_17_56_34_839720,-3g,trash,2022_4_2_17_56_34_839720.jpg
,,,
2022_4_2_17_56_35_183316,-3g,trash,2022_4_2_17_56_35_183316.jpg
,,,
2022_4_2_17_56_46_977384,-3g,trash,2022_4_2_17_56_46_977384.jpg
,,,
2022_4_2_17_56_47_301518,-3g,trash,2022_4_2_17_56_47_301518.jpg
,,,
2022_4_2_17_56_47_606150,-3g,trash,2022_4_2_17_56_47_606150.jpg
,,,
2022_4_2_17_56_47_937688,-3g,trash,2022_4_2_17_56_47_937688.jpg
,,,
2022_4_2_17_56_48_234021,-3g,trash,2022_4_2_17_56_48_234021.jpg
,,,
2022_4_2_17_56_48_541355,-3g,trash,2022_4_2_17_56_48_541355.jpg
,,,
2022_4_2_17_56_48_830218,-3g,trash,2022_4_2_17_56_48_830218.jpg
,,,
2022_4_2_17_57_3_738942,222g,glass,2022_4_2_17_57_3_738942.jpg
,,,
2022_4_2_17_57_4_58055,222g,glass,2022_4_2_17_57_4_58055.jpg
,,,
2022_4_2_17_57_35_899851,225g,glass,2022_4_2_17_57_35_899851.jpg
,,,
2022_4_2_17_57_36_276371,225g,glass,2022_4_2_17_57_36_276371.jpg
,,,
2022_4_2_17_57_36_570607,225g,glass,2022_4_2_17_57_36_570607.jpg
,,,
2022_4_2_17_57_36_915303,225g,glass,2022_4_2_17_57_36_915303.jpg
,,,
2022_4_2_17_57_37_281156,225g,glass,2022_4_2_17_57_37_281156.jpg
,,,
2022_4_2_17_57_37_617515,225g,glass,2022_4_2_17_57_37_617515.jpg
,,,
2022_4_2_17_57_37_965545,225g,glass,2022_4_2_17_57_37_965545.jpg
,,,
2022_4_2_17_57_38_276115,225g,glass,2022_4_2_17_57_38_276115.jpg
,,,
2022_4_2_17_57_38_630037,225g,glass,2022_4_2_17_57_38_630037.jpg
,,,
2022_4_2_17_57_38_944883,225g,glass,2022_4_2_17_57_38_944883.jpg
,,,
2022_4_2_17_57_49_120514,42g,plastic,2022_4_2_17_57_49_120514.jpg
,,,
2022_4_2_17_57_49_468310,42g,plastic,2022_4_2_17_57_49_468310.jpg
,,,
2022_4_2_17_57_49_779117,42g,plastic,2022_4_2_17_57_49_779117.jpg
,,,
2022_4_2_17_57_50_110032,42g,plastic,2022_4_2_17_57_50_110032.jpg
,,,
2022_4_2_17_57_50_451228,42g,plastic,2022_4_2_17_57_50_451228.jpg
,,,
2022_4_2_17_58_22_274588,292g,glass,2022_4_2_17_58_22_274588.jpg
,,,
2022_4_2_17_58_22_611481,292g,glass,2022_4_2_17_58_22_611481.jpg
,,,
2022_4_2_17_58_22_955018,292g,glass,2022_4_2_17_58_22_955018.jpg
,,,
2022_4_2_17_58_23_284800,292g,glass,2022_4_2_17_58_23_284800.jpg
,,,
2022_4_2_17_58_23_615016,292g,glass,2022_4_2_17_58_23_615016.jpg
,,,
2022_4_2_17_58_23_944878,292g,glass,2022_4_2_17_58_23_944878.jpg
,,,
2022_4_2_17_58_24_284628,292g,glass,2022_4_2_17_58_24_284628.jpg
,,,
2022_4_2_17_58_24_579571,292g,glass,2022_4_2_17_58_24_579571.jpg
,,,
2022_4_2_18_9_37_21513,-1g,glass,2022_4_2_18_9_37_21513.jpg
,,,
2022_4_2_18_9_46_714610,238g,glass,2022_4_2_18_9_46_714610.jpg
,,,
2022_4_2_18_9_58_313611,83g,recycle,2022_4_2_18_9_58_313611.jpg
,,,
2022_4_2_18_10_12_806836,22g,recycle,2022_4_2_18_10_12_806836.jpg
,,,
2022_4_2_18_33_21_35096,-4g,trash,2022_4_2_18_33_21_35096.jpg
,,,
2022_4_2_18_33_38_973037,21g,glass,2022_4_2_18_33_38_973037.jpg
,,,
2022_4_2_18_50_9_370800,2g,trash,2022_4_2_18_50_9_370800.jpg
,,,
2022_4_2_18_50_24_37081,2g,recycle,2022_4_2_18_50_24_37081.jpg
,,,
2022_4_2_18_50_45_217707,36g,glass,2022_4_2_18_50_45_217707.jpg
,,,
2022_4_2_18_50_58_891748,252g,glass,2022_4_2_18_50_58_891748.jpg
,,,
2022_4_2_18_51_11_759607,22g,recycle,2022_4_2_18_51_11_759607.jpg
,,,
2022_4_2_18_51_25_802768,28g,glass,2022_4_2_18_51_25_802768.jpg
,,,
2022_4_2_18_51_35_950856,42g,recycle,2022_4_2_18_51_35_950856.jpg
,,,
2022_4_2_18_58_21_624018,25g,plastic,2022_4_2_18_58_21_624018.jpg
,,,
2022_4_2_18_58_21_954307,25g,plastic,2022_4_2_18_58_21_954307.jpg
,,,
2022_4_2_18_58_22_223797,25g,plastic,2022_4_2_18_58_22_223797.jpg
,,,
2022_4_2_18_58_22_517666,25g,plastic,2022_4_2_18_58_22_517666.jpg
,,,
2022_4_2_18_58_22_825008,25g,plastic,2022_4_2_18_58_22_825008.jpg
,,,
2022_4_2_18_58_23_92869,25g,plastic,2022_4_2_18_58_23_92869.jpg
,,,
2022_4_2_18_58_23_394132,25g,plastic,2022_4_2_18_58_23_394132.jpg
,,,
2022_4_2_18_58_38_909476,-4g,recycle,2022_4_2_18_58_38_909476.jpg
,,,
2022_4_2_18_58_39_256507,-4g,recycle,2022_4_2_18_58_39_256507.jpg
,,,
2022_4_2_18_58_39_517045,-4g,recycle,2022_4_2_18_58_39_517045.jpg
,,,
2022_4_2_18_58_39_818236,-4g,recycle,2022_4_2_18_58_39_818236.jpg
,,,
2022_4_2_18_58_40_129540,-4g,recycle,2022_4_2_18_58_40_129540.jpg
,,,
2022_4_2_18_58_40_413610,-4g,recycle,2022_4_2_18_58_40_413610.jpg
,,,
2022_4_2_18_58_40_721563,-4g,recycle,2022_4_2_18_58_40_721563.jpg
,,,
2022_4_2_18_58_41_27868,-4g,recycle,2022_4_2_18_58_41_27868.jpg
,,,
2022_4_2_18_58_41_314969,-4g,recycle,2022_4_2_18_58_41_314969.jpg
,,,
2022_4_2_18_58_41_576886,-4g,recycle,2022_4_2_18_58_41_576886.jpg
,,,
2022_4_2_18_58_50_150772,247g,glass,2022_4_2_18_58_50_150772.jpg
,,,
2022_4_2_18_58_50_477507,247g,glass,2022_4_2_18_58_50_477507.jpg
,,,
2022_4_2_18_58_50_778471,247g,glass,2022_4_2_18_58_50_778471.jpg
,,,
2022_4_2_18_58_51_85656,247g,glass,2022_4_2_18_58_51_85656.jpg
,,,
2022_4_2_18_58_51_409752,247g,glass,2022_4_2_18_58_51_409752.jpg
,,,
2022_4_2_18_58_51_713630,247g,glass,2022_4_2_18_58_51_713630.jpg
,,,
2022_4_2_18_59_17_847984,62g,trash,2022_4_2_18_59_17_847984.jpg
,,,
2022_4_2_18_59_18_174520,62g,trash,2022_4_2_18_59_18_174520.jpg
,,,
2022_4_2_18_59_18_467594,62g,trash,2022_4_2_18_59_18_467594.jpg
,,,
2022_4_2_18_59_18_806195,62g,trash,2022_4_2_18_59_18_806195.jpg
,,,
2022_4_2_19_0_23_122784,-4g,recycle,2022_4_2_19_0_23_122784.jpg
,,,
2022_4_2_19_0_23_430294,-4g,recycle,2022_4_2_19_0_23_430294.jpg
,,,
2022_4_2_19_0_23_731754,-4g,recycle,2022_4_2_19_0_23_731754.jpg
,,,
2022_4_2_19_0_24_52647,-4g,recycle,2022_4_2_19_0_24_52647.jpg
,,,
2022_4_2_19_0_24_330972,-4g,recycle,2022_4_2_19_0_24_330972.jpg
,,,
2022_4_2_19_0_24_598460,-4g,recycle,2022_4_2_19_0_24_598460.jpg
,,,
2022_4_2_19_0_24_864638,-4g,recycle,2022_4_2_19_0_24_864638.jpg
,,,
2022_4_2_19_0_25_131429,-4g,recycle,2022_4_2_19_0_25_131429.jpg
,,,
2022_4_2_19_0_25_403252,-4g,recycle,2022_4_2_19_0_25_403252.jpg
,,,
2022_4_2_19_0_25_664831,-4g,recycle,2022_4_2_19_0_25_664831.jpg
,,,
2022_4_2_19_0_34_172405,25g,recycle,2022_4_2_19_0_34_172405.jpg
,,,
2022_4_2_19_0_34_536358,25g,recycle,2022_4_2_19_0_34_536358.jpg
,,,
2022_4_2_19_0_34_889593,25g,recycle,2022_4_2_19_0_34_889593.jpg
,,,
2022_4_2_19_0_35_270406,25g,recycle,2022_4_2_19_0_35_270406.jpg
,,,
2022_4_2_19_0_35_604485,25g,recycle,2022_4_2_19_0_35_604485.jpg
,,,
2022_4_2_19_0_35_899631,25g,recycle,2022_4_2_19_0_35_899631.jpg
,,,
2022_4_2_19_0_36_268236,25g,recycle,2022_4_2_19_0_36_268236.jpg
,,,
2022_4_2_19_0_36_593019,25g,recycle,2022_4_2_19_0_36_593019.jpg
,,,
2022_4_2_19_0_36_924468,25g,recycle,2022_4_2_19_0_36_924468.jpg
,,,
2022_4_2_19_0_37_258858,25g,recycle,2022_4_2_19_0_37_258858.jpg
,,,
2022_4_2_19_0_46_34260,61g,glass,2022_4_2_19_0_46_34260.jpg
,,,
2022_4_2_19_0_46_352942,61g,glass,2022_4_2_19_0_46_352942.jpg
,,,
2022_4_2_19_0_46_629411,61g,glass,2022_4_2_19_0_46_629411.jpg
,,,
2022_4_2_19_0_46_955281,61g,glass,2022_4_2_19_0_46_955281.jpg
,,,
2022_4_2_19_0_47_280181,61g,glass,2022_4_2_19_0_47_280181.jpg
,,,
2022_4_2_19_0_47_603476,61g,glass,2022_4_2_19_0_47_603476.jpg
,,,
2022_4_2_19_0_47_929679,61g,glass,2022_4_2_19_0_47_929679.jpg
,,,
2022_4_2_19_0_48_229783,61g,glass,2022_4_2_19_0_48_229783.jpg
,,,
2022_4_2_19_0_48_534236,61g,glass,2022_4_2_19_0_48_534236.jpg
,,,
2022_4_2_19_0_48_833216,61g,glass,2022_4_2_19_0_48_833216.jpg
,,,
2022_4_2_19_1_0_697907,69g,glass,2022_4_2_19_1_0_697907.jpg
,,,
2022_4_2_19_1_1_38358,69g,glass,2022_4_2_19_1_1_38358.jpg
,,,
2022_4_2_19_1_1_330050,69g,glass,2022_4_2_19_1_1_330050.jpg
,,,
2022_4_2_19_1_1_638839,69g,glass,2022_4_2_19_1_1_638839.jpg
,,,
2022_4_2_19_1_1_909013,69g,glass,2022_4_2_19_1_1_909013.jpg
,,,
2022_4_2_19_1_2_182062,69g,glass,2022_4_2_19_1_2_182062.jpg
,,,
2022_4_2_19_1_16_363107,242g,glass,2022_4_2_19_1_16_363107.jpg
,,,
2022_4_2_19_1_16_676195,242g,glass,2022_4_2_19_1_16_676195.jpg
,,,
2022_4_2_19_1_16_976081,242g,glass,2022_4_2_19_1_16_976081.jpg
,,,
2022_4_2_19_1_17_302900,242g,glass,2022_4_2_19_1_17_302900.jpg
,,,
2022_4_2_19_1_17_605309,242g,glass,2022_4_2_19_1_17_605309.jpg
,,,
2022_4_2_19_1_17_876478,242g,glass,2022_4_2_19_1_17_876478.jpg
,,,
2022_4_2_19_1_30_397392,58g,trash,2022_4_2_19_1_30_397392.jpg
,,,
2022_4_2_19_1_30_728879,58g,trash,2022_4_2_19_1_30_728879.jpg
,,,
2022_4_2_19_1_31_33798,58g,trash,2022_4_2_19_1_31_33798.jpg
,,,
2022_4_2_19_1_31_326769,58g,trash,2022_4_2_19_1_31_326769.jpg
,,,
2022_4_2_19_1_31_600289,58g,trash,2022_4_2_19_1_31_600289.jpg
,,,
2022_4_2_19_1_31_899010,58g,trash,2022_4_2_19_1_31_899010.jpg
,,,
2022_4_2_19_1_32_191136,58g,trash,2022_4_2_19_1_32_191136.jpg
,,,
2022_4_2_19_1_32_459106,58g,trash,2022_4_2_19_1_32_459106.jpg
,,,
2022_4_2_19_1_57_481500,-4g,recycle,2022_4_2_19_1_57_481500.jpg
,,,
2022_4_2_19_1_57_812440,-4g,recycle,2022_4_2_19_1_57_812440.jpg
,,,
2022_4_2_19_1_58_111696,-4g,recycle,2022_4_2_19_1_58_111696.jpg
,,,
2022_4_2_19_1_58_412777,-4g,recycle,2022_4_2_19_1_58_412777.jpg
,,,
2022_4_2_19_1_58_710469,-4g,recycle,2022_4_2_19_1_58_710469.jpg
,,,
2022_4_2_19_1_59_11259,-4g,recycle,2022_4_2_19_1_59_11259.jpg
,,,
2022_4_2_19_1_59_277457,-4g,recycle,2022_4_2_19_1_59_277457.jpg
,,,
2022_4_2_19_1_59_543033,-4g,recycle,2022_4_2_19_1_59_543033.jpg
,,,
2022_4_2_19_1_59_850988,-4g,recycle,2022_4_2_19_1_59_850988.jpg
,,,
2022_4_2_19_2_0_189163,-4g,recycle,2022_4_2_19_2_0_189163.jpg
,,,
2022_4_2_19_2_3_327393,-4g,recycle,2022_4_2_19_2_3_327393.jpg
,,,
2022_4_2_19_2_3_684563,-4g,recycle,2022_4_2_19_2_3_684563.jpg
,,,
2022_4_2_19_2_3_992858,-4g,recycle,2022_4_2_19_2_3_992858.jpg
,,,
2022_4_2_19_2_4_306428,-4g,recycle,2022_4_2_19_2_4_306428.jpg
,,,
2022_4_2_19_2_4_658010,-4g,recycle,2022_4_2_19_2_4_658010.jpg
,,,
2022_4_2_19_2_4_987677,-4g,recycle,2022_4_2_19_2_4_987677.jpg
,,,
2022_4_2_19_2_5_286823,-4g,recycle,2022_4_2_19_2_5_286823.jpg
,,,
2022_4_2_19_2_5_621189,-4g,recycle,2022_4_2_19_2_5_621189.jpg
,,,
2022_4_2_19_2_5_909259,-4g,recycle,2022_4_2_19_2_5_909259.jpg
,,,
2022_4_2_19_2_15_421311,-4g,trash,2022_4_2_19_2_15_421311.jpg
,,,
2022_4_2_19_2_15_773918,-4g,trash,2022_4_2_19_2_15_773918.jpg
,,,
2022_4_2_19_2_16_120118,-4g,trash,2022_4_2_19_2_16_120118.jpg
,,,
2022_4_2_19_2_16_452930,-4g,trash,2022_4_2_19_2_16_452930.jpg
,,,
2022_4_2_19_2_16_776908,-4g,trash,2022_4_2_19_2_16_776908.jpg
,,,
2022_4_2_19_2_17_79624,-4g,trash,2022_4_2_19_2_17_79624.jpg
,,,
2022_4_2_19_2_17_375085,-4g,trash,2022_4_2_19_2_17_375085.jpg
,,,
2022_4_2_19_2_17_706088,-4g,trash,2022_4_2_19_2_17_706088.jpg
,,,
2022_4_2_19_2_18_4185,-4g,trash,2022_4_2_19_2_18_4185.jpg
,,,
2022_4_2_19_2_18_312585,-4g,trash,2022_4_2_19_2_18_312585.jpg
,,,
2022_4_2_19_2_53_809721,200g,glass,2022_4_2_19_2_53_809721.jpg
,,,
2022_4_2_19_2_54_113396,200g,glass,2022_4_2_19_2_54_113396.jpg
,,,
2022_4_2_19_2_54_453909,200g,glass,2022_4_2_19_2_54_453909.jpg
,,,
2022_4_2_19_2_54_753193,200g,glass,2022_4_2_19_2_54_753193.jpg
,,,
2022_4_2_19_3_28_866144,46g,glass,2022_4_2_19_3_28_866144.jpg
,,,
2022_4_2_19_4_10_492411,41g,glass,2022_4_2_19_4_10_492411.jpg
,,,
2022_4_2_19_4_10_838207,41g,glass,2022_4_2_19_4_10_838207.jpg
,,,
2022_4_2_19_4_11_148700,41g,glass,2022_4_2_19_4_11_148700.jpg
,,,
2022_4_2_19_4_11_486115,41g,glass,2022_4_2_19_4_11_486115.jpg
,,,
2022_4_2_19_4_11_782794,41g,glass,2022_4_2_19_4_11_782794.jpg
,,,
2022_4_2_19_4_12_82998,41g,glass,2022_4_2_19_4_12_82998.jpg
,,,
2022_4_2_19_4_12_393531,41g,glass,2022_4_2_19_4_12_393531.jpg
,,,
2022_4_2_19_4_12_735686,41g,glass,2022_4_2_19_4_12_735686.jpg
,,,
2022_4_2_19_4_13_83530,41g,glass,2022_4_2_19_4_13_83530.jpg
,,,
2022_4_2_19_4_13_379432,41g,glass,2022_4_2_19_4_13_379432.jpg
,,,
2022_4_2_19_4_45_91248,39g,plastic,2022_4_2_19_4_45_91248.jpg
,,,
2022_4_2_19_4_45_463372,39g,plastic,2022_4_2_19_4_45_463372.jpg
,,,
2022_4_2_19_4_45_791547,39g,plastic,2022_4_2_19_4_45_791547.jpg
,,,
2022_4_2_19_5_6_290048,187g,glass,2022_4_2_19_5_6_290048.jpg
,,,
2022_4_2_19_5_6_678610,187g,glass,2022_4_2_19_5_6_678610.jpg
,,,
2022_4_2_19_5_7_43193,187g,glass,2022_4_2_19_5_7_43193.jpg
,,,
2022_4_2_19_5_7_372168,187g,glass,2022_4_2_19_5_7_372168.jpg
,,,
2022_4_2_19_5_7_706768,187g,glass,2022_4_2_19_5_7_706768.jpg
,,,
2022_4_2_19_7_35_779285,25g,plastic,2022_4_2_19_7_35_779285.jpg
,,,
2022_4_2_19_7_36_153450,25g,plastic,2022_4_2_19_7_36_153450.jpg
,,,
2022_4_2_19_7_36_559912,25g,plastic,2022_4_2_19_7_36_559912.jpg
,,,
2022_4_2_19_7_36_908360,25g,plastic,2022_4_2_19_7_36_908360.jpg
,,,
2022_4_2_19_7_37_248719,25g,plastic,2022_4_2_19_7_37_248719.jpg
,,,
2022_4_2_19_7_37_551955,25g,plastic,2022_4_2_19_7_37_551955.jpg
,,,
2022_4_2_19_7_37_894347,25g,plastic,2022_4_2_19_7_37_894347.jpg
,,,
2022_4_2_19_7_38_217679,25g,plastic,2022_4_2_19_7_38_217679.jpg
,,,
2022_4_2_19_7_38_513563,25g,plastic,2022_4_2_19_7_38_513563.jpg
,,,
2022_4_2_19_7_38_819701,25g,plastic,2022_4_2_19_7_38_819701.jpg
,,,
2022_4_2_19_7_55_975728,203g,glass,2022_4_2_19_7_55_975728.jpg
,,,
2022_4_2_19_7_56_284726,203g,glass,2022_4_2_19_7_56_284726.jpg
,,,
2022_4_2_19_7_56_563424,203g,glass,2022_4_2_19_7_56_563424.jpg
,,,
2022_4_2_19_7_56_823613,203g,glass,2022_4_2_19_7_56_823613.jpg
,,,
2022_4_2_19_7_57_96805,203g,glass,2022_4_2_19_7_57_96805.jpg
,,,
2022_4_2_19_7_57_385331,203g,glass,2022_4_2_19_7_57_385331.jpg
,,,
2022_4_2_19_7_57_687417,203g,glass,2022_4_2_19_7_57_687417.jpg
,,,
2022_4_2_19_7_57_956707,203g,glass,2022_4_2_19_7_57_956707.jpg
,,,
2022_4_2_19_12_30_184417,34g,plastic,2022_4_2_19_12_30_184417.jpg
,,,
2022_4_2_19_12_30_506207,34g,plastic,2022_4_2_19_12_30_506207.jpg
,,,
2022_4_2_19_12_30_817470,34g,plastic,2022_4_2_19_12_30_817470.jpg
,,,
2022_4_2_19_12_31_111834,34g,plastic,2022_4_2_19_12_31_111834.jpg
,,,
2022_4_2_19_12_31_406438,34g,plastic,2022_4_2_19_12_31_406438.jpg
,,,
2022_4_2_19_12_31_715512,34g,plastic,2022_4_2_19_12_31_715512.jpg
,,,
2022_4_2_19_12_47_757928,50g,plastic,2022_4_2_19_12_47_757928.jpg
,,,
2022_4_2_19_12_48_90325,50g,plastic,2022_4_2_19_12_48_90325.jpg
,,,
2022_4_2_19_12_48_386857,50g,plastic,2022_4_2_19_12_48_386857.jpg
,,,
2022_4_2_19_12_48_661066,50g,plastic,2022_4_2_19_12_48_661066.jpg
,,,
2022_4_2_19_12_48_989376,50g,plastic,2022_4_2_19_12_48_989376.jpg
,,,
2022_4_2_19_12_49_286833,50g,plastic,2022_4_2_19_12_49_286833.jpg
,,,
2022_4_2_19_14_45_47442,33g,plastic,2022_4_2_19_14_45_47442.jpg
,,,
2022_4_2_19_14_45_364216,33g,plastic,2022_4_2_19_14_45_364216.jpg
,,,
2022_4_2_19_14_45_629868,33g,plastic,2022_4_2_19_14_45_629868.jpg
,,,
2022_4_2_19_14_45_934960,33g,plastic,2022_4_2_19_14_45_934960.jpg
,,,
2022_4_2_19_14_46_282038,33g,plastic,2022_4_2_19_14_46_282038.jpg
,,,
2022_4_2_19_14_46_625182,33g,plastic,2022_4_2_19_14_46_625182.jpg
,,,
2022_4_2_19_14_46_932761,33g,plastic,2022_4_2_19_14_46_932761.jpg
,,,
2022_4_2_19_14_47_230780,33g,plastic,2022_4_2_19_14_47_230780.jpg
,,,
2022_4_2_19_14_47_532976,33g,plastic,2022_4_2_19_14_47_532976.jpg
,,,
2022_4_2_19_14_47_832641,33g,plastic,2022_4_2_19_14_47_832641.jpg
,,,
2022_4_2_19_18_36_612002,30g,plastic,2022_4_2_19_18_36_612002.jpg
,,,
2022_4_2_19_19_53_381161,34g,plastic,2022_4_2_19_19_53_381161.jpg
,,,
2022_4_2_19_35_58_534299,33g,plastic,2022_4_2_19_35_58_534299.jpg
,,,
2022_4_2_19_36_10_41187,199g,glass,2022_4_2_19_36_10_41187.jpg
,,,
2022_4_2_19_36_31_126907,-3g,recycle,2022_4_2_19_36_31_126907.jpg
,,,
2022_4_2_19_36_46_608009,2g,trash,2022_4_2_19_36_46_608009.jpg
,,,
2022_4_2_19_38_16_578948,1g,trash,2022_4_2_19_38_16_578948.jpg
,,,
2022_4_2_19_38_28_991013,25g,glass,2022_4_2_19_38_28_991013.jpg
,,,
2022_4_2_19_38_55_881669,24g,glass,2022_4_2_19_38_55_881669.jpg
,,,
2022_4_2_19_38_58_512656,22g,glass,2022_4_2_19_38_58_512656.jpg
,,,
2022_4_2_19_39_19_71149,27g,plastic,2022_4_2_19_39_19_71149.jpg
,,,
2022_4_2_19_39_33_844271,22g,plastic,2022_4_2_19_39_33_844271.jpg
,,,
2022_4_2_19_39_45_795822,195g,glass,2022_4_2_19_39_45_795822.jpg
,,,
2022_4_2_19_40_0_921589,198g,glass,2022_4_2_19_40_0_921589.jpg
,,,
2022_4_3_14_47_27_37460,51g,glass,2022_4_3_14_47_27_37460.jpg
,,,
2022_4_3_14_48_2_387818,44g,plastic,2022_4_3_14_48_2_387818.jpg
,,,
2022_4_3_14_49_44_618451,46g,plastic,2022_4_3_14_49_44_618451.jpg
,,,
2022_4_3_14_50_24_771859,38g,plastic,2022_4_3_14_50_24_771859.jpg
,,,
2022_4_3_14_51_0_473844,45g,plastic,2022_4_3_14_51_0_473844.jpg
,,,
2022_4_3_14_51_36_809938,46g,plastic,2022_4_3_14_51_36_809938.jpg
,,,
2022_4_3_14_55_48_822119,24g,plastic,2022_4_3_14_55_48_822119.jpg
,,,
2022_4_3_14_57_12_557415,-1g,recycle,2022_4_3_14_57_12_557415.jpg
,,,
2022_4_3_14_57_34_403204,-1g,trash,2022_4_3_14_57_34_403204.jpg
,,,
2022_4_3_14_57_48_189160,-2g,trash,2022_4_3_14_57_48_189160.jpg
,,,
2022_4_3_14_58_35_594748,327g,trash,2022_4_3_14_58_35_594748.jpg
,,,
2022_4_3_14_59_18_388130,9g,glass,2022_4_3_14_59_18_388130.jpg
,,,
2022_4_3_14_59_42_934172,12g,recycle,2022_4_3_14_59_42_934172.jpg
,,,
2022_4_3_15_0_10_858305,12g,plastic,2022_4_3_15_0_10_858305.jpg
,,,
2022_4_3_15_0_28_628293,10g,plastic,2022_4_3_15_0_28_628293.jpg
,,,
2022_4_3_15_0_42_680492,9g,plastic,2022_4_3_15_0_42_680492.jpg
,,,
2022_4_3_15_0_55_909714,13g,plastic,2022_4_3_15_0_55_909714.jpg
,,,
2022_4_3_15_2_30_177489,28g,recycle,2022_4_3_15_2_30_177489.jpg
,,,
2022_4_3_15_2_58_453791,37g,plastic,2022_4_3_15_2_58_453791.jpg
,,,
2022_4_3_15_3_50_373962,264g,glass,2022_4_3_15_3_50_373962.jpg
,,,
2022_4_3_15_6_22_831346,0g,recycle,2022_4_3_15_6_22_831346.jpg
,,,
2022_4_3_15_6_54_175067,7g,recycle,2022_4_3_15_6_54_175067.jpg
,,,
2022_4_3_15_7_4_134554,8g,recycle,2022_4_3_15_7_4_134554.jpg
,,,
2022_4_3_15_7_20_913317,5g,trash,2022_4_3_15_7_20_913317.jpg
,,,
2022_4_3_15_7_39_212682,5g,glass,2022_4_3_15_7_39_212682.jpg
,,,
2022_4_3_15_7_52_442728,5g,trash,2022_4_3_15_7_52_442728.jpg
,,,
2022_4_3_15_8_4_216690,5g,trash,2022_4_3_15_8_4_216690.jpg
,,,
2022_4_3_15_8_15_182982,4g,glass,2022_4_3_15_8_15_182982.jpg
,,,
2022_4_3_15_8_27_871907,0g,trash,2022_4_3_15_8_27_871907.jpg
,,,
2022_4_3_15_10_3_401374,3g,glass,2022_4_3_15_10_3_401374.jpg
,,,
2022_4_3_15_11_23_964523,1g,recycle,2022_4_3_15_11_23_964523.jpg
,,,
2022_4_3_15_11_48_69936,-4g,glass,2022_4_3_15_11_48_69936.jpg
,,,
2022_4_3_15_13_0_100422,6g,glass,2022_4_3_15_13_0_100422.jpg
,,,
2022_4_3_15_13_19_480053,2g,plastic,2022_4_3_15_13_19_480053.jpg
,,,
2022_4_3_15_13_22_743200,3g,plastic,2022_4_3_15_13_22_743200.jpg
,,,
2022_4_3_15_14_0_168600,4g,plastic,2022_4_3_15_14_0_168600.jpg
,,,
2022_4_3_15_15_58_702497,7g,plastic,2022_4_3_15_15_58_702497.jpg
,,,
2022_4_3_15_20_20_319182,4g,plastic,2022_4_3_15_20_20_319182.jpg
,,,
2022_4_3_15_20_24_939067,4g,plastic,2022_4_3_15_20_24_939067.jpg
,,,
2022_4_3_15_20_54_108041,0g,plastic,2022_4_3_15_20_54_108041.jpg
,,,
2022_4_3_15_21_22_816876,264g,glass,2022_4_3_15_21_22_816876.jpg
,,,
2022_4_3_15_26_28_404635,2g,trash,2022_4_3_15_26_28_404635.jpg
,,,
2022_4_3_15_26_46_799493,2g,recycle,2022_4_3_15_26_46_799493.jpg
,,,
2022_4_3_15_27_5_383119,3g,trash,2022_4_3_15_27_5_383119.jpg
,,,
2022_4_3_15_54_44_409741,2g,trash,2022_4_3_15_54_44_409741.jpg
,,,
2022_4_3_15_55_32_397094,1g,plastic,2022_4_3_15_55_32_397094.jpg
,,,
2022_4_3_15_55_35_929611,1g,plastic,2022_4_3_15_55_35_929611.jpg
,,,
2022_4_3_15_55_52_45601,2g,recycle,2022_4_3_15_55_52_45601.jpg
,,,
2022_4_3_16_5_7_244880,3g,trash,2022_4_3_16_5_7_244880.jpg
,,,
2022_4_3_16_5_7_244880,3g,trash,2022_4_3_16_5_7_244880.jpg
2022_4_8_22_37_55_971125,2g,,2022_4_8_22_37_55_971125.jpg
,,,
2022_4_8_22_38_59_893874,3g,trash,2022_4_8_22_38_59_893874.jpg
,,,
2022_4_8_22_42_46_670265,0g,trash,2022_4_8_22_42_46_670265.jpg
,,,
2022_4_8_22_45_12_245731,1g,recycle,2022_4_8_22_45_12_245731.jpg
,,,
2022_4_8_22_47_57_374459,-1g,recycle,2022_4_8_22_47_57_374459.jpg
,,,
2022_4_8_22_48_7_260449,-1g,trash,2022_4_8_22_48_7_260449.jpg
,,,
2022_4_8_22_48_19_153221,2g,trash,2022_4_8_22_48_19_153221.jpg
,,,
2022_4_8_22_48_28_688492,2g,recycle,2022_4_8_22_48_28_688492.jpg
,,,
2022_4_8_22_48_39_668239,2g,trash,2022_4_8_22_48_39_668239.jpg
,,,
2022_4_8_22_50_10_72233,31g,recycle,2022_4_8_22_50_10_72233.jpg
,,,
2022_4_8_22_51_33_905809,26g,glass,2022_4_8_22_51_33_905809.jpg
,,,
2022_4_8_22_52_0_289158,24g,recycle,2022_4_8_22_52_0_289158.jpg
,,,
2022_4_8_22_52_19_996734,24g,glass,2022_4_8_22_52_19_996734.jpg
,,,
2022_4_8_22_52_21_269314,24g,recycle,2022_4_8_22_52_21_269314.jpg
,,,
2022_4_8_22_52_42_52724,30g,plastic,2022_4_8_22_52_42_52724.jpg
,,,
2022_4_8_22_52_43_963951,30g,recycle,2022_4_8_22_52_43_963951.jpg
,,,
2022_4_8_22_53_30_975254,-1g,recycle,2022_4_8_22_53_30_975254.jpg
,,,
2022_4_8_22_53_43_563328,26g,recycle,2022_4_8_22_53_43_563328.jpg
,,,
2022_4_8_22_54_11_716961,8g,plastic,2022_4_8_22_54_11_716961.jpg
,,,
2022_4_8_22_54_12_708471,8g,plastic,2022_4_8_22_54_12_708471.jpg
,,,
2022_4_8_22_54_24_881266,10g,plastic,2022_4_8_22_54_24_881266.jpg
,,,
2022_4_8_22_54_37_953890,29g,plastic,2022_4_8_22_54_37_953890.jpg
,,,
2022_4_8_22_54_38_858781,29g,plastic,2022_4_8_22_54_38_858781.jpg
,,,
2022_4_8_22_54_51_839664,24g,plastic,2022_4_8_22_54_51_839664.jpg
,,,
2022_4_8_22_55_23_433237,6g,recycle,2022_4_8_22_55_23_433237.jpg
,,,
2022_4_8_22_55_56_840540,5g,plastic,2022_4_8_22_55_56_840540.jpg
,,,
2022_4_8_22_55_57_833967,5g,plastic,2022_4_8_22_55_57_833967.jpg
,,,
2022_4_8_22_56_8_730788,5g,plastic,2022_4_8_22_56_8_730788.jpg
,,,
2022_4_8_23_8_11_876781,2g,recycle,2022_4_8_23_8_11_876781.jpg
,,,
2022_4_8_23_39_30_562014,0g,trash,2022_4_8_23_39_30_562014.jpg
,,,
2022_4_8_23_39_44_889015,5g,plastic,2022_4_8_23_39_44_889015.jpg
,,,
2022_4_8_23_41_41_76645,43g,plastic,2022_4_8_23_41_41_76645.jpg
,,,
2022_4_8_23_42_5_751743,224g,glass,2022_4_8_23_42_5_751743.jpg
,,,
2022_4_8_23_43_45_414417,238g,glass,2022_4_8_23_43_45_414417.jpg
,,,
2022_4_8_23_43_58_937055,230g,glass,2022_4_8_23_43_58_937055.jpg
,,,
2022_4_8_23_45_20_734361,0g,trash,2022_4_8_23_45_20_734361.jpg
,,,
2022_4_8_23_46_39_468672,0g,trash,2022_4_8_23_46_39_468672.jpg
,,,
2022_4_8_23_46_52_984483,0g,trash,2022_4_8_23_46_52_984483.jpg
,,,
2022_4_8_23_47_14_210765,2g,recycle,2022_4_8_23_47_14_210765.jpg
,,,
2022_4_8_23_59_0_214979,5g,trash,2022_4_8_23_59_0_214979.jpg
,,,
2022_4_9_0_0_14_51664,5g,trash,2022_4_9_0_0_14_51664.jpg
,,,
2022_4_9_0_6_48_864002,0g,recycle,2022_4_9_0_6_48_864002.jpg
,,,
2022_4_9_0_7_14_893107,0g,recycle,2022_4_9_0_7_14_893107.jpg
,,,
2022_4_9_0_10_25_200385,23g,plastic,2022_4_9_0_10_25_200385.jpg
,,,
2022_4_9_0_15_26_462603,-1g,trash,2022_4_9_0_15_26_462603.jpg
,,,
2022_4_9_0_33_9_39393,-14g,trash,2022_4_9_0_33_9_39393.jpg
,,,
2022_4_9_0_37_40_420476,0g,trash,2022_4_9_0_37_40_420476.jpg
,,,
2022_4_9_0_38_5_449609,200g,glass,2022_4_9_0_38_5_449609.jpg
,,,
2022_4_9_0_38_23_227208,241g,glass,2022_4_9_0_38_23_227208.jpg
,,,
2022_4_9_0_44_9_391656,28g,recycle,2022_4_9_0_44_9_391656.jpg
,,,
2022_4_9_0_44_31_903128,169g,glass,2022_4_9_0_44_31_903128.jpg
,,,
2022_4_9_0_44_44_55131,186g,glass,2022_4_9_0_44_44_55131.jpg
,,,
2022_4_9_0_58_45_454060,1g,trash,2022_4_9_0_58_45_454060.jpg
,,,
2022_4_9_0_58_47_445192,1g,recycle,2022_4_9_0_58_47_445192.jpg
,,,
2022_4_9_0_59_13_171177,190g,trash,2022_4_9_0_59_13_171177.jpg
,,,
2022_4_9_0_59_14_163810,174g,glass,2022_4_9_0_59_14_163810.jpg
,,,
2022_4_9_0_59_17_259441,174g,glass,2022_4_9_0_59_17_259441.jpg
,,,
2022_4_9_0_59_36_240343,217g,glass,2022_4_9_0_59_36_240343.jpg
,,,
2022_4_9_1_5_58_480092,-1g,trash,2022_4_9_1_5_58_480092.jpg
,,,
2022_4_9_1_6_43_194884,0g,trash,2022_4_9_1_6_43_194884.jpg
,,,
2022_4_9_1_6_44_558207,0g,trash,2022_4_9_1_6_44_558207.jpg
,,,
2022_4_9_1_9_15_33414,0g,trash,2022_4_9_1_9_15_33414.jpg
,,,
2022_4_9_1_9_15_946333,0g,trash,2022_4_9_1_9_15_946333.jpg
,,,
2022_4_9_1_10_51_760688,0g,trash,2022_4_9_1_10_51_760688.jpg
,,,
2022_4_9_1_10_52_670170,0g,trash,2022_4_9_1_10_52_670170.jpg
,,,
2022_4_9_1_11_10_277823,-1g,recycle,2022_4_9_1_11_10_277823.jpg
,,,
2022_4_9_1_11_25_523820,0g,recycle,2022_4_9_1_11_25_523820.jpg
,,,
2022_4_9_1_11_26_434708,0g,trash,2022_4_9_1_11_26_434708.jpg
,,,
2022_4_9_1_13_10_517505,0g,trash,2022_4_9_1_13_10_517505.jpg
,,,
2022_4_9_1_13_11_690330,0g,recycle,2022_4_9_1_13_11_690330.jpg
,,,
2022_4_9_1_13_47_266826,188g,glass,2022_4_9_1_13_47_266826.jpg
,,,
2022_4_9_1_13_48_814595,188g,glass,2022_4_9_1_13_48_814595.jpg
,,,
2022_4_9_1_14_55_104166,185g,trash,2022_4_9_1_14_55_104166.jpg
,,,
2022_4_9_1_14_56_13562,185g,glass,2022_4_9_1_14_56_13562.jpg
,,,
2022_4_9_1_15_16_241293,197g,glass,2022_4_9_1_15_16_241293.jpg
,,,
2022_4_9_1_15_17_964457,198g,plastic,2022_4_9_1_15_17_964457.jpg
,,,
2022_4_9_1_15_49_984055,168g,glass,2022_4_9_1_15_49_984055.jpg
,,,
2022_4_9_1_15_51_715169,168g,trash,2022_4_9_1_15_51_715169.jpg
,,,
2022_4_9_1_16_11_675269,17g,recycle,2022_4_9_1_16_11_675269.jpg
,,,
2022_4_9_1_16_12_578743,17g,plastic,2022_4_9_1_16_12_578743.jpg
,,,
2022_4_11_14_2_40_374153,50g,recycle,2022_4_11_14_2_40_374153.jpg
,,,
2022_4_11_14_2_51_544905,76g,recycle,2022_4_11_14_2_51_544905.jpg
,,,
2022_4_11_14_3_3_474043,10g,recycle,2022_4_11_14_3_3_474043.jpg
,,,
2022_4_11_14_8_13_991149,-3g,trash,2022_4_11_14_8_13_991149.jpg
,,,
2022_4_11_14_25_15_876097,96g,recycle,2022_4_11_14_25_15_876097.jpg
,,,
2022_4_11_14_25_44_830043,0g,trash,2022_4_11_14_25_44_830043.jpg
,,,
2022_4_11_14_26_5_827926,-2g,trash,2022_4_11_14_26_5_827926.jpg
,,,
2022_4_11_14_27_6_718715,16g,trash,2022_4_11_14_27_6_718715.jpg
,,,
2022_4_11_14_27_7_766783,18g,plastic,2022_4_11_14_27_7_766783.jpg
,,,
2022_4_11_14_29_24_297155,17g,plastic,2022_4_11_14_29_24_297155.jpg
,,,
2022_4_11_14_29_25_26471,17g,trash,2022_4_11_14_29_25_26471.jpg
,,,
2022_4_11_14_29_36_863895,48g,trash,2022_4_11_14_29_36_863895.jpg
,,,
2022_4_11_14_29_49_838476,1g,trash,2022_4_11_14_29_49_838476.jpg
,,,
2022_4_11_14_30_18_623756,19g,recycle,2022_4_11_14_30_18_623756.jpg
,,,
2022_4_11_14_30_19_112347,130g,trash,2022_4_11_14_30_19_112347.jpg
,,,
2022_4_11_14_30_33_484458,17g,recycle,2022_4_11_14_30_33_484458.jpg
,,,
2022_4_11_14_31_0_265744,179g,plastic,2022_4_11_14_31_0_265744.jpg
,,,
2022_4_11_14_31_1_714646,178g,trash,2022_4_11_14_31_1_714646.jpg
,,,
2022_4_11_14_31_19_713404,-30g,glass,2022_4_11_14_31_19_713404.jpg
,,,
2022_4_11_14_31_19_909938,33g,recycle,2022_4_11_14_31_19_909938.jpg
,,,
2022_4_11_14_31_20_58780,-33g,trash,2022_4_11_14_31_20_58780.jpg
,,,
2022_4_11_14_31_20_224234,173g,plastic,2022_4_11_14_31_20_224234.jpg
,,,
2022_4_11_14_31_39_92331,170g,recycle,2022_4_11_14_31_39_92331.jpg
,,,
2022_4_11_14_31_40_953813,172g,plastic,2022_4_11_14_31_40_953813.jpg
,,,
2022_4_11_14_31_41_630199,2g,recycle,2022_4_11_14_31_41_630199.jpg
,,,
2022_4_11_14_32_0_932664,0g,plastic,2022_4_11_14_32_0_932664.jpg
,,,
2022_4_11_14_32_45_902539,114g,trash,2022_4_11_14_32_45_902539.jpg
,,,
2022_4_11_14_32_48_72286,114g,plastic,2022_4_11_14_32_48_72286.jpg
,,,
2022_4_11_14_33_5_506620,195g,plastic,2022_4_11_14_33_5_506620.jpg
,,,
2022_4_11_14_33_17_549730,-2g,trash,2022_4_11_14_33_17_549730.jpg
,,,
2022_4_11_14_34_32_570972,0g,recycle,2022_4_11_14_34_32_570972.jpg
,,,
2022_4_11_14_34_57_496080,2g,plastic,2022_4_11_14_34_57_496080.jpg
,,,
2022_4_11_14_35_15_343622,140g,trash,2022_4_11_14_35_15_343622.jpg
,,,
2022_4_11_14_35_18_339426,141g,plastic,2022_4_11_14_35_18_339426.jpg
,,,
2022_4_11_14_35_33_395494,197g,plastic,2022_4_11_14_35_33_395494.jpg
,,,
2022_4_11_14_36_12_366989,186g,recycle,2022_4_11_14_36_12_366989.jpg
,,,
2022_4_11_14_36_12_890399,-52g,plastic,2022_4_11_14_36_12_890399.jpg
,,,
2022_4_11_14_39_11_137082,192g,plastic,2022_4_11_14_39_11_137082.jpg
,,,
2022_4_11_14_41_20_438855,158g,recycle,2022_4_11_14_41_20_438855.jpg
,,,
2022_4_11_14_41_22_693643,158g,glass,2022_4_11_14_41_22_693643.jpg
,,,
2022_4_11_14_43_28_125072,150g,glass,2022_4_11_14_43_28_125072.jpg
,,,
2022_4_11_14_43_28_939115,149g,trash,2022_4_11_14_43_28_939115.jpg
,,,
2022_4_11_14_45_48_66236,165g,recycle,2022_4_11_14_45_48_66236.jpg
,,,
2022_4_11_14_48_39_145227,181g,recycle,2022_4_11_14_48_39_145227.jpg
,,,
2022_4_11_14_48_41_261780,0,plastic,2022_4_11_14_48_41_261780.jpg
,,,
2022_4_11_14_54_38_469742,161g,recycle,2022_4_11_14_54_38_469742.jpg
,,,
2022_4_11_14_54_39_552023,1g,plastic,2022_4_11_14_54_39_552023.jpg
,,,
2022_4_11_14_54_59_253832,159g,glass,2022_4_11_14_54_59_253832.jpg
,,,
2022_4_11_14_55_25_215588,-186g,glass,2022_4_11_14_55_25_215588.jpg
,,,
2022_4_11_14_55_25_705487,189g,trash,2022_4_11_14_55_25_705487.jpg
,,,
2022_4_11_14_55_36_982897,218g,trash,2022_4_11_14_55_36_982897.jpg
,,,
2022_4_11_14_55_40_343126,4g,plastic,2022_4_11_14_55_40_343126.jpg
,,,
2022_4_11_14_55_47_58400,12g,plastic,2022_4_11_14_55_47_58400.jpg
,,,
2022_4_11_14_56_11_904385,3g,recycle,2022_4_11_14_56_11_904385.jpg
,,,
2022_4_11_14_56_28_165087,209g,trash,2022_4_11_14_56_28_165087.jpg
,,,
2022_4_11_14_56_41_606806,212g,trash,2022_4_11_14_56_41_606806.jpg
,,,
2022_4_11_14_56_59_777493,0g,trash,2022_4_11_14_56_59_777493.jpg
,,,
2022_4_11_14_57_0_256986,200g,glass,2022_4_11_14_57_0_256986.jpg
,,,
2022_4_11_14_57_20_174704,183g,glass,2022_4_11_14_57_20_174704.jpg
,,,
2022_4_11_14_57_22_282201,179g,trash,2022_4_11_14_57_22_282201.jpg
,,,
2022_4_11_15_11_58_440301,208g,trash,2022_4_11_15_11_58_440301.jpg
,,,
2022_4_11_15_12_0_983460,0g,plastic,2022_4_11_15_12_0_983460.jpg
,,,
2022_4_11_15_12_13_752073,193g,glass,2022_4_11_15_12_13_752073.jpg
,,,
2022_4_11_15_12_23_867919,-3g,trash,2022_4_11_15_12_23_867919.jpg
,,,
2022_4_11_15_12_39_222243,-3g,trash,2022_4_11_15_12_39_222243.jpg
,,,
2022_4_11_15_13_5_680521,19g,recycle,2022_4_11_15_13_5_680521.jpg
,,,
2022_4_11_15_13_7_779251,0g,plastic,2022_4_11_15_13_7_779251.jpg
,,,
2022_4_11_15_38_58_449456,-4g,trash,2022_4_11_15_38_58_449456.jpg
,,,
2022_4_11_15_39_11_7664,-3g,trash,2022_4_11_15_39_11_7664.jpg
,,,
2022_4_11_15_49_9_72447,-1g,trash,2022_4_11_15_49_9_72447.jpg
,,,
2022_4_11_15_50_52_881351,-2g,trash,2022_4_11_15_50_52_881351.jpg
,,,
2022_4_11_15_51_2_208674,50g,trash,2022_4_11_15_51_2_208674.jpg
,,,
2022_4_11_15_51_16_29734,-2g,trash,2022_4_11_15_51_16_29734.jpg
,,,
2022_4_11_15_51_27_247808,-1g,trash,2022_4_11_15_51_27_247808.jpg
,,,
2022_4_11_16_39_54_574657,-3g,trash,2022_4_11_16_39_54_574657.jpg
,,,
2022_4_11_16_45_34_970765,-2g,trash,2022_4_11_16_45_34_970765.jpg
,,,
2022_4_11_16_45_58_911476,-2g,trash,2022_4_11_16_45_58_911476.jpg
,,,
2022_4_11_17_7_50_90793,44g,trash,2022_4_11_17_7_50_90793.jpg
,,,
2022_4_11_17_8_28_39197,152g,trash,2022_4_11_17_8_28_39197.jpg
,,,
2022_4_11_17_8_42_521709,3g,trash,2022_4_11_17_8_42_521709.jpg
,,,
2022_4_11_17_8_52_114154,147g,trash,2022_4_11_17_8_52_114154.jpg
,,,
2022_4_11_17_9_2_145434,160g,trash,2022_4_11_17_9_2_145434.jpg
,,,
2022_4_11_17_9_4_437963,0g,plastic,2022_4_11_17_9_4_437963.jpg
,,,
2022_4_11_17_9_14_135812,143g,trash,2022_4_11_17_9_14_135812.jpg
,,,
2022_4_11_17_9_24_41735,185g,glass,2022_4_11_17_9_24_41735.jpg
,,,
2022_4_11_17_9_33_779375,185g,recycle,2022_4_11_17_9_33_779375.jpg
,,,
2022_4_11_17_9_35_84272,1g,plastic,2022_4_11_17_9_35_84272.jpg
,,,
2022_4_11_17_9_54_564750,-31g,plastic,2022_4_11_17_9_54_564750.jpg
,,,
2022_4_11_17_10_7_92815,205g,glass,2022_4_11_17_10_7_92815.jpg
,,,
2022_4_11_17_10_9_92651,202g,trash,2022_4_11_17_10_9_92651.jpg
,,,
2022_4_11_17_10_24_658770,28g,trash,2022_4_11_17_10_24_658770.jpg
,,,
2022_4_11_17_10_27_117791,177g,glass,2022_4_11_17_10_27_117791.jpg
,,,
2022_4_11_17_10_52_913078,11g,plastic,2022_4_11_17_10_52_913078.jpg
,,,
2022_4_11_17_10_53_377117,-7g,trash,2022_4_11_17_10_53_377117.jpg
,,,
2022_4_11_17_11_2_216050,-2g,recycle,2022_4_11_17_11_2_216050.jpg
,,,
2022_4_11_17_11_13_127088,19g,trash,2022_4_11_17_11_13_127088.jpg
,,,
2022_4_11_17_11_14_462658,0g,plastic,2022_4_11_17_11_14_462658.jpg
,,,
2022_4_11_17_11_34_376367,137g,recycle,2022_4_11_17_11_34_376367.jpg
,,,
2022_4_11_17_11_35_834512,-135g,plastic,2022_4_11_17_11_35_834512.jpg
,,,
2022_4_11_17_11_46_579489,11g,plastic,2022_4_11_17_11_46_579489.jpg
,,,
2022_4_11_17_11_48_561883,0g,trash,2022_4_11_17_11_48_561883.jpg
,,,
2022_4_11_17_11_58_881052,14g,plastic,2022_4_11_17_11_58_881052.jpg
,,,
2022_4_11_17_12_3_634716,14g,trash,2022_4_11_17_12_3_634716.jpg
,,,
2022_4_11_17_12_21_933944,20g,plastic,2022_4_11_17_12_21_933944.jpg
,,,
2022_4_11_17_12_22_93724,64g,trash,2022_4_11_17_12_22_93724.jpg
,,,
2022_4_11_17_18_57_125666,-4g,trash,2022_4_11_17_18_57_125666.jpg
,,,
2022_4_11_17_20_54_920454,21g,plastic,2022_4_11_17_20_54_920454.jpg
,,,
2022_4_11_17_20_57_685797,0g,trash,2022_4_11_17_20_57_685797.jpg
,,,
2022_4_11_17_21_14_741327,205g,glass,2022_4_11_17_21_14_741327.jpg
,,,
2022_4_11_17_21_16_520226,7g,plastic,2022_4_11_17_21_16_520226.jpg
,,,
2022_4_11_17_21_52_958194,18g,plastic,2022_4_11_17_21_52_958194.jpg
,,,
2022_4_11_17_21_54_633185,0g,recycle,2022_4_11_17_21_54_633185.jpg
,,,
2022_4_11_17_22_8_743730,187g,glass,2022_4_11_17_22_8_743730.jpg
,,,
2022_4_11_17_22_9_744815,1g,plastic,2022_4_11_17_22_9_744815.jpg
,,,
2022_4_11_17_22_26_249025,18g,plastic,2022_4_11_17_22_26_249025.jpg
,,,
2022_4_11_17_22_26_420867,180g,glass,2022_4_11_17_22_26_420867.jpg
,,,
2022_4_11_17_22_37_870622,164g,glass,2022_4_11_17_22_37_870622.jpg
,,,
2022_4_11_17_22_39_932111,0g,trash,2022_4_11_17_22_39_932111.jpg
,,,
2022_4_11_17_23_21_157824,23g,recycle,2022_4_11_17_23_21_157824.jpg
,,,
2022_4_11_17_23_23_116241,8g,plastic,2022_4_11_17_23_23_116241.jpg
,,,
2022_4_11_17_23_36_395868,18g,trash,2022_4_11_17_23_36_395868.jpg
,,,
2022_4_11_17_23_37_502489,0g,plastic,2022_4_11_17_23_37_502489.jpg
,,,
2022_4_11_17_23_55_208854,16g,trash,2022_4_11_17_23_55_208854.jpg
,,,
2022_4_11_17_24_10_132189,3g,plastic,2022_4_11_17_24_10_132189.jpg
,,,
2022_4_11_17_24_12_171401,142g,trash,2022_4_11_17_24_12_171401.jpg
,,,
2022_4_11_17_24_24_963298,124g,recycle,2022_4_11_17_24_24_963298.jpg
,,,
2022_4_11_17_24_27_622960,1g,plastic,2022_4_11_17_24_27_622960.jpg
,,,
2022_4_11_17_24_41_91445,171g,glass,2022_4_11_17_24_41_91445.jpg
,,,
2022_4_11_17_24_42_509046,8g,plastic,2022_4_11_17_24_42_509046.jpg
,,,
2022_4_11_17_24_54_800859,124g,glass,2022_4_11_17_24_54_800859.jpg
,,,
2022_4_11_17_24_57_364346,48g,plastic,2022_4_11_17_24_57_364346.jpg
,,,
2022_4_11_17_25_11_981352,165g,glass,2022_4_11_17_25_11_981352.jpg
,,,
2022_4_11_17_25_15_895838,117g,glass,2022_4_11_17_25_15_895838.jpg
,,,
2022_4_11_17_25_32_3548,137g,glass,2022_4_11_17_25_32_3548.jpg
,,,
2022_4_11_17_25_33_950315,16g,plastic,2022_4_11_17_25_33_950315.jpg
,,,
2022_4_11_17_25_46_816333,2g,plastic,2022_4_11_17_25_46_816333.jpg
,,,
2022_4_11_17_25_48_805283,15g,plastic,2022_4_11_17_25_48_805283.jpg
,,,
2022_4_11_17_26_4_888494,122g,glass,2022_4_11_17_26_4_888494.jpg
,,,
2022_4_11_17_26_5_550534,3g,plastic,2022_4_11_17_26_5_550534.jpg
,,,
2022_4_11_17_26_5_793174,17g,plastic,2022_4_11_17_26_5_793174.jpg
,,,
2022_4_11_17_26_25_391830,51g,plastic,2022_4_11_17_26_25_391830.jpg
,,,
2022_4_11_17_26_25_617587,48g,recycle,2022_4_11_17_26_25_617587.jpg
,,,
2022_4_11_17_26_40_873919,2g,trash,2022_4_11_17_26_40_873919.jpg
,,,
2022_4_11_17_26_41_96607,18g,plastic,2022_4_11_17_26_41_96607.jpg
,,,
2022_4_11_17_26_56_12479,12g,plastic,2022_4_11_17_26_56_12479.jpg
,,,
2022_4_11_17_27_0_895294,1g,trash,2022_4_11_17_27_0_895294.jpg
,,,
2022_4_11_17_46_47_922578,5g,trash,2022_4_11_17_46_47_922578.jpg
,,,
2022_4_11_17_46_49_189960,0g,recycle,2022_4_11_17_46_49_189960.jpg
,,,
2022_4_11_17_47_6_303882,18g,trash,2022_4_11_17_47_6_303882.jpg
,,,
2022_4_11_17_47_9_299752,0g,plastic,2022_4_11_17_47_9_299752.jpg
,,,
2022_4_11_17_47_17_695089,19g,plastic,2022_4_11_17_47_17_695089.jpg
,,,
2022_4_11_17_47_18_787616,16g,trash,2022_4_11_17_47_18_787616.jpg
,,,
2022_4_11_17_47_34_795554,38g,recycle,2022_4_11_17_47_34_795554.jpg
,,,
2022_4_11_17_47_52_634381,24g,plastic,2022_4_11_17_47_52_634381.jpg
,,,
2022_4_11_17_47_56_295405,0g,trash,2022_4_11_17_47_56_295405.jpg
,,,
2022_4_11_17_48_15_61247,12g,plastic,2022_4_11_17_48_15_61247.jpg
,,,
2022_4_11_17_48_15_234760,10g,plastic,2022_4_11_17_48_15_234760.jpg
,,,
2022_4_11_17_48_25_411166,155g,glass,2022_4_11_17_48_25_411166.jpg
,,,
2022_4_11_17_48_26_713863,15g,plastic,2022_4_11_17_48_26_713863.jpg
,,,
2022_4_11_17_48_37_965016,3g,plastic,2022_4_11_17_48_37_965016.jpg
,,,
2022_4_11_17_48_40_466795,9g,plastic,2022_4_11_17_48_40_466795.jpg
,,,
2022_4_11_17_48_53_228429,3g,plastic,2022_4_11_17_48_53_228429.jpg
,,,
2022_4_11_17_48_54_318679,191g,glass,2022_4_11_17_48_54_318679.jpg
,,,
2022_4_11_17_49_12_725431,17g,plastic,2022_4_11_17_49_12_725431.jpg
,,,
2022_4_11_17_49_13_221803,15g,plastic,2022_4_11_17_49_13_221803.jpg
,,,
2022_4_11_17_49_28_280637,23g,plastic,2022_4_11_17_49_28_280637.jpg
,,,
2022_4_11_17_49_28_764043,244g,glass,2022_4_11_17_49_28_764043.jpg
,,,
2022_4_11_17_49_36_418488,270g,glass,2022_4_11_17_49_36_418488.jpg
,,,
2022_4_11_17_49_46_667973,207g,glass,2022_4_11_17_49_46_667973.jpg
,,,
2022_4_11_17_49_48_668346,23g,plastic,2022_4_11_17_49_48_668346.jpg
,,,
2022_4_11_17_50_2_35031,215g,glass,2022_4_11_17_50_2_35031.jpg
,,,
2022_4_11_17_50_2_701379,213g,glass,2022_4_11_17_50_2_701379.jpg
,,,
2022_4_11_17_50_3_378919,209g,glass,2022_4_11_17_50_3_378919.jpg
,,,
2022_4_11_17_50_18_120486,205g,glass,2022_4_11_17_50_18_120486.jpg
,,,
2022_4_11_17_50_18_643987,207g,glass,2022_4_11_17_50_18_643987.jpg
,,,
2022_4_11_17_50_28_646835,24g,plastic,2022_4_11_17_50_28_646835.jpg
,,,
2022_4_11_17_50_30_878083,156g,glass,2022_4_11_17_50_30_878083.jpg
,,,
2022_4_11_17_50_44_760447,0g,plastic,2022_4_11_17_50_44_760447.jpg
,,,
2022_4_11_17_50_46_932261,140g,glass,2022_4_11_17_50_46_932261.jpg
,,,
2022_4_11_17_50_52_944119,0g,plastic,2022_4_11_17_50_52_944119.jpg
,,,
2022_4_11_17_51_6_867598,179g,plastic,2022_4_11_17_51_6_867598.jpg
,,,
2022_4_11_17_51_9_646554,0g,plastic,2022_4_11_17_51_9_646554.jpg
,,,
2022_4_11_17_51_21_683632,0g,plastic,2022_4_11_17_51_21_683632.jpg
,,,
2022_4_11_17_51_24_86178,22g,plastic,2022_4_11_17_51_24_86178.jpg
,,,
2022_4_11_17_51_36_576358,1g,plastic,2022_4_11_17_51_36_576358.jpg
,,,
2022_4_11_17_51_37_923591,253g,glass,2022_4_11_17_51_37_923591.jpg
,,,
2022_4_11_17_51_45_661699,244g,glass,2022_4_11_17_51_45_661699.jpg
,,,
2022_4_11_17_52_20_576890,195g,glass,2022_4_11_17_52_20_576890.jpg
,,,
2022_4_11_17_52_24_215439,0g,plastic,2022_4_11_17_52_24_215439.jpg
,,,
2022_4_11_17_52_33_208648,-1g,plastic,2022_4_11_17_52_33_208648.jpg
,,,
2022_4_11_17_52_43_996837,20g,plastic,2022_4_11_17_52_43_996837.jpg
,,,
2022_4_11_17_52_46_576099,170g,glass,2022_4_11_17_52_46_576099.jpg
,,,
2022_4_11_17_53_7_114773,1g,plastic,2022_4_11_17_53_7_114773.jpg
,,,
2022_4_11_17_53_8_763556,20g,plastic,2022_4_11_17_53_8_763556.jpg
,,,
2022_4_11_17_53_22_578490,2g,plastic,2022_4_11_17_53_22_578490.jpg
,,,
2022_4_11_17_53_23_433289,21g,plastic,2022_4_11_17_53_23_433289.jpg
,,,
2022_4_11_17_53_32_949033,0g,plastic,2022_4_11_17_53_32_949033.jpg
,,,
2022_4_11_17_53_44_556422,66g,recycle,2022_4_11_17_53_44_556422.jpg
,,,
2022_4_11_17_53_59_901764,27g,recycle,2022_4_11_17_53_59_901764.jpg
,,,
2022_4_11_17_54_12_208762,26g,recycle,2022_4_11_17_54_12_208762.jpg
,,,
2022_4_11_17_54_14_967403,26g,plastic,2022_4_11_17_54_14_967403.jpg
,,,
2022_4_11_17_54_32_843490,28g,plastic,2022_4_11_17_54_32_843490.jpg
,,,
2022_4_11_17_54_37_916829,0g,trash,2022_4_11_17_54_37_916829.jpg
,,,
2022_4_11_17_54_56_872674,28g,plastic,2022_4_11_17_54_56_872674.jpg
,,,
2022_4_11_17_55_0_97962,28g,recycle,2022_4_11_17_55_0_97962.jpg
,,,
2022_4_11_18_20_43_475105,209g,glass,2022_4_11_18_20_43_475105.jpg
,,,
2022_4_11_18_20_44_864535,0g,plastic,2022_4_11_18_20_44_864535.jpg
,,,
2022_4_11_18_20_58_163983,-2g,trash,2022_4_11_18_20_58_163983.jpg
,,,
2022_4_11_18_21_23_405885,18g,plastic,2022_4_11_18_21_23_405885.jpg
,,,
2022_4_11_18_21_25_421705,194g,glass,2022_4_11_18_21_25_421705.jpg
,,,
2022_4_11_18_21_41_468977,5g,plastic,2022_4_11_18_21_41_468977.jpg
,,,
2022_4_11_18_21_43_370071,16g,plastic,2022_4_11_18_21_43_370071.jpg
,,,
2022_4_11_18_21_53_207966,3g,plastic,2022_4_11_18_21_53_207966.jpg
,,,
2022_4_11_18_21_55_126796,180g,glass,2022_4_11_18_21_55_126796.jpg
,,,
2022_4_11_18_22_6_732131,163g,glass,2022_4_11_18_22_6_732131.jpg
,,,
2022_4_11_18_22_9_183241,161g,glass,2022_4_11_18_22_9_183241.jpg
,,,
2022_4_11_18_22_21_406405,63g,recycle,2022_4_11_18_22_21_406405.jpg
,,,
2022_4_11_18_22_23_441602,61g,plastic,2022_4_11_18_22_23_441602.jpg
,,,
2022_4_11_18_22_29_438376,140g,glass,2022_4_11_18_22_29_438376.jpg
,,,
2022_4_11_18_22_39_957122,175g,glass,2022_4_11_18_22_39_957122.jpg
,,,
2022_4_11_18_22_42_58627,22g,plastic,2022_4_11_18_22_42_58627.jpg
,,,
2022_4_11_18_22_53_82568,20g,plastic,2022_4_11_18_22_53_82568.jpg
,,,
2022_4_11_18_22_55_795124,20g,plastic,2022_4_11_18_22_55_795124.jpg
,,,
2022_4_11_18_23_5_373845,157g,glass,2022_4_11_18_23_5_373845.jpg
,,,
2022_4_11_18_23_16_588277,0g,plastic,2022_4_11_18_23_16_588277.jpg
,,,
2022_4_11_18_23_23_33875,155g,glass,2022_4_11_18_23_23_33875.jpg
,,,
2022_4_11_18_23_40_353480,2g,plastic,2022_4_11_18_23_40_353480.jpg
,,,
2022_4_11_18_23_41_602826,172g,glass,2022_4_11_18_23_41_602826.jpg
,,,
2022_4_11_18_23_55_813236,179g,glass,2022_4_11_18_23_55_813236.jpg
,,,
2022_4_11_18_23_57_627534,173g,glass,2022_4_11_18_23_57_627534.jpg
,,,
2022_4_11_18_24_10_469537,5g,recycle,2022_4_11_18_24_10_469537.jpg
,,,
2022_4_11_18_24_19_901338,247g,glass,2022_4_11_18_24_19_901338.jpg
,,,
2022_4_11_18_24_23_91280,245g,glass,2022_4_11_18_24_23_91280.jpg
,,,
2022_4_11_18_24_31_721414,209g,glass,2022_4_11_18_24_31_721414.jpg
,,,
2022_4_11_18_24_35_92218,1g,trash,2022_4_11_18_24_35_92218.jpg
,,,
2022_4_11_18_24_45_420019,2g,plastic,2022_4_11_18_24_45_420019.jpg
,,,
2022_4_11_18_24_46_387945,176g,recycle,2022_4_11_18_24_46_387945.jpg
,,,
2022_4_11_18_24_58_313626,34g,recycle,2022_4_11_18_24_58_313626.jpg
,,,
2022_4_11_18_25_12_312090,199g,glass,2022_4_11_18_25_12_312090.jpg
,,,
2022_4_11_18_25_12_769956,196g,trash,2022_4_11_18_25_12_769956.jpg
,,,
2022_4_11_18_25_29_231169,164g,trash,2022_4_11_18_25_29_231169.jpg
,,,
2022_4_11_18_25_44_27976,158g,trash,2022_4_11_18_25_44_27976.jpg
,,,
2022_4_11_18_25_45_42592,0g,plastic,2022_4_11_18_25_45_42592.jpg
,,,
2022_4_11_18_26_7_282380,169g,glass,2022_4_11_18_26_7_282380.jpg
,,,
2022_4_11_18_26_9_372295,1g,recycle,2022_4_11_18_26_9_372295.jpg
,,,
2022_4_11_18_26_22_840723,173g,glass,2022_4_11_18_26_22_840723.jpg
,,,
2022_4_11_18_26_26_398963,2g,trash,2022_4_11_18_26_26_398963.jpg
,,,
2022_4_11_18_26_43_21900,4g,trash,2022_4_11_18_26_43_21900.jpg
,,,
2022_4_11_18_26_45_374315,151g,glass,2022_4_11_18_26_45_374315.jpg
,,,
2022_4_11_18_27_5_852142,178g,trash,2022_4_11_18_27_5_852142.jpg
,,,
2022_4_11_18_27_7_757801,0g,plastic,2022_4_11_18_27_7_757801.jpg
,,,
2022_4_11_18_27_20_107830,203g,trash,2022_4_11_18_27_20_107830.jpg
,,,
2022_4_11_18_27_21_673818,27g,plastic,2022_4_11_18_27_21_673818.jpg
,,,
2022_4_11_18_27_34_131432,206g,trash,2022_4_11_18_27_34_131432.jpg
,,,
2022_4_11_18_27_52_666234,159g,recycle,2022_4_11_18_27_52_666234.jpg
,,,
2022_4_11_18_27_53_682992,0g,plastic,2022_4_11_18_27_53_682992.jpg
,,,
2022_4_11_18_28_10_607491,14g,trash,2022_4_11_18_28_10_607491.jpg
,,,
2022_4_11_18_28_12_710337,171g,trash,2022_4_11_18_28_12_710337.jpg
,,,
2022_4_11_18_28_20_590041,4g,plastic,2022_4_11_18_28_20_590041.jpg
,,,
2022_4_11_18_28_30_523657,166g,glass,2022_4_11_18_28_30_523657.jpg
,,,
2022_4_11_18_28_32_470604,8g,trash,2022_4_11_18_28_32_470604.jpg
2022_4_11_19_6_57_741367,175g,glass,2022_4_11_19_6_57_741367.jpg
,,,
2022_4_11_19_7_0_80666,175g,glass,2022_4_11_19_7_0_80666.jpg
,,,
2022_4_11_19_7_9_643337,-1g,trash,2022_4_11_19_7_9_643337.jpg
,,,
2022_4_11_19_7_11_917490,1g,trash,2022_4_11_19_7_11_917490.jpg
,,,
2022_4_11_19_7_21_136020,231g,glass,2022_4_11_19_7_21_136020.jpg
,,,
2022_4_11_19_7_43_158635,216g,glass,2022_4_11_19_7_43_158635.jpg
,,,
2022_4_11_19_8_18_900447,-3g,trash,2022_4_11_19_8_18_900447.jpg
,,,
2022_4_11_19_9_26_416853,225g,glass,2022_4_11_19_9_26_416853.jpg
,,,
2022_4_11_19_10_35_630606,248g,glass,2022_4_11_19_10_35_630606.jpg
,,,
2022_4_11_19_10_47_606079,226g,glass,2022_4_11_19_10_47_606079.jpg
,,,
2022_4_11_19_10_59_571641,-1g,recycle,2022_4_11_19_10_59_571641.jpg
,,,
2022_4_11_19_11_23_224131,201g,glass,2022_4_11_19_11_23_224131.jpg
2022_4_11_23_18_7_11560,34g,recycle,2022_4_11_23_18_7_11560.jpg
,,,
2022_4_11_23_25_47_993515,22g,plastic,2022_4_11_23_25_47_993515.jpg
,,,
2022_4_11_23_32_33_850549,20g,recycle,2022_4_11_23_32_33_850549.jpg
,,,
2022_4_11_23_32_44_485597,31g,recycle,2022_4_11_23_32_44_485597.jpg
,,,
2022_4_11_23_42_37_452895,25g,recycle,2022_4_11_23_42_37_452895.jpg
,,,
2022_4_11_23_43_29_312380,24g,recycle,2022_4_11_23_43_29_312380.jpg
,,,
2022_4_11_23_43_57_418602,225g,recycle,2022_4_11_23_43_57_418602.jpg
2022_4_12_1_9_54_674246,28g,recycle,2022_4_12_1_9_54_674246.jpg
2022_4_12_1_10_21_797054,25g,plastic,2022_4_12_1_10_21_797054.jpg
2022_4_12_9_28_27_314365,123g,trash,2022_4_12_9_28_27_314365.jpg
2022_4_12_9_28_29_864624,0g,recycle,2022_4_12_9_28_29_864624.jpg
2022_4_12_9_28_32_131769,125g,glass,2022_4_12_9_28_32_131769.jpg
2022_4_12_9_28_44_406349,124g,glass,2022_4_12_9_28_44_406349.jpg
2022_4_12_9_28_47_637203,1g,trash,2022_4_12_9_28_47_637203.jpg
2022_4_12_9_28_58_341863,109g,plastic,2022_4_12_9_28_58_341863.jpg
2022_4_12_9_29_0_732316,109g,trash,2022_4_12_9_29_0_732316.jpg
2022_4_12_9_29_0_882947,8g,plastic,2022_4_12_9_29_0_882947.jpg
2022_4_12_9_29_14_533337,8g,trash,2022_4_12_9_29_14_533337.jpg
2022_4_12_9_29_14_689557,7g,plastic,2022_4_12_9_29_14_689557.jpg
2022_4_12_9_29_28_488287,197g,trash,2022_4_12_9_29_28_488287.jpg
2022_4_12_9_29_33_795877,1g,plastic,2022_4_12_9_29_33_795877.jpg
2022_4_12_9_30_43_240260,0g,plastic,2022_4_12_9_30_43_240260.jpg
2022_4_12_9_30_53_703195,181g,glass,2022_4_12_9_30_53_703195.jpg
2022_4_12_9_34_20_450363,24g,trash,2022_4_12_9_34_20_450363.jpg
2022_4_12_9_34_22_433640,22g,plastic,2022_4_12_9_34_22_433640.jpg
2022_4_12_9_36_22_449241,17g,plastic,2022_4_12_9_36_22_449241.jpg
2022_4_12_9_36_24_566510,187g,glass,2022_4_12_9_36_24_566510.jpg
2022_4_12_9_36_37_893558,10g,plastic,2022_4_12_9_36_37_893558.jpg
2022_4_12_9_36_38_349876,1g,plastic,2022_4_12_9_36_38_349876.jpg
2022_4_12_9_36_38_506268,82g,plastic,2022_4_12_9_36_38_506268.jpg
2022_4_12_9_36_38_656133,88g,plastic,2022_4_12_9_36_38_656133.jpg
2022_4_12_9_36_51_810905,191g,glass,2022_4_12_9_36_51_810905.jpg
2022_4_12_9_36_54_49122,14g,plastic,2022_4_12_9_36_54_49122.jpg
2022_4_12_9_37_9_555500,206g,glass,2022_4_12_9_37_9_555500.jpg
2022_4_12_9_37_12_511139,192g,plastic,2022_4_12_9_37_12_511139.jpg
2022_4_12_9_37_14_149149,14g,plastic,2022_4_12_9_37_14_149149.jpg
2022_4_12_9_37_47_8374,6g,plastic,2022_4_12_9_37_47_8374.jpg
2022_4_12_9_37_48_343462,5g,plastic,2022_4_12_9_37_48_343462.jpg
2022_4_12_9_38_8_566200,163g,glass,2022_4_12_9_38_8_566200.jpg
2022_4_12_9_38_9_622019,0g,plastic,2022_4_12_9_38_9_622019.jpg
2022_4_12_9_38_28_489614,177g,glass,2022_4_12_9_38_28_489614.jpg
2022_4_12_9_38_28_643408,177g,glass,2022_4_12_9_38_28_643408.jpg
2022_4_12_9_38_28_797561,207g,glass,2022_4_12_9_38_28_797561.jpg
2022_4_12_9_38_40_586672,25g,recycle,2022_4_12_9_38_40_586672.jpg
2022_4_12_9_38_55_771456,18g,recycle,2022_4_12_9_38_55_771456.jpg
2022_4_12_9_38_58_407175,9g,plastic,2022_4_12_9_38_58_407175.jpg
2022_4_12_9_39_3_640664,141g,plastic,2022_4_12_9_39_3_640664.jpg
2022_4_12_9_39_56_240959,0g,plastic,2022_4_12_9_39_56_240959.jpg
2022_4_12_9_39_58_410843,15g,plastic,2022_4_12_9_39_58_410843.jpg
2022_4_12_9_40_8_979370,3g,plastic,2022_4_12_9_40_8_979370.jpg
2022_4_12_9_40_11_601978,13g,plastic,2022_4_12_9_40_11_601978.jpg
2022_4_12_9_40_46_413948,182g,plastic,2022_4_12_9_40_46_413948.jpg
2022_4_12_9_41_20_964542,19g,recycle,2022_4_12_9_41_20_964542.jpg
2022_4_12_9_41_50_444537,10g,trash,2022_4_12_9_41_50_444537.jpg
2022_4_12_9_41_52_310828,149g,glass,2022_4_12_9_41_52_310828.jpg
2022_4_12_9_42_6_166689,13g,plastic,2022_4_12_9_42_6_166689.jpg
2022_4_12_9_42_8_931141,13g,plastic,2022_4_12_9_42_8_931141.jpg
2022_4_12_9_42_9_90475,148g,glass,2022_4_12_9_42_9_90475.jpg
2022_4_12_11_13_54_164217,5g,trash,2022_4_12_11_13_54_164217.jpg
2022_4_12_11_14_34_103808,74g,recycle,2022_4_12_11_14_34_103808.jpg
2022_4_12_11_19_33_678019,0g,recycle,2022_4_12_11_19_33_678019.jpg
2022_4_12_11_20_9_525242,13g,plastic,2022_4_12_11_20_9_525242.jpg
2022_4_12_11_21_23_573679,4g,plastic,2022_4_12_11_21_23_573679.jpg
2022_4_12_12_24_57_902077,36g,recycle,2022_4_12_12_24_57_902077.jpg
2022_4_12_12_29_58_337947,35g,plastic,2022_4_12_12_29_58_337947.jpg
2022_4_12_12_32_48_26244,2g,recycle,2022_4_12_12_32_48_26244.jpg
2022_4_12_12_34_54_144258,11g,trash,2022_4_12_12_34_54_144258.jpg
2022_4_12_12_34_55_197036,11g,trash,2022_4_12_12_34_55_197036.jpg
2022_4_12_12_34_56_449468,11g,plastic,2022_4_12_12_34_56_449468.jpg
2022_4_12_12_35_35_406597,0g,trash,2022_4_12_12_35_35_406597.jpg
2022_4_12_12_35_55_438638,11g,recycle,2022_4_12_12_35_55_438638.jpg
2022_4_12_12_35_57_202148,0g,recycle,2022_4_12_12_35_57_202148.jpg
2022_4_12_12_39_26_282469,32g,plastic,2022_4_12_12_39_26_282469.jpg
2022_4_12_12_39_39_596968,37g,recycle,2022_4_12_12_39_39_596968.jpg
2022_4_12_12_39_59_660002,0g,recycle,2022_4_12_12_39_59_660002.jpg
2022_4_12_12_40_1_430598,4g,recycle,2022_4_12_12_40_1_430598.jpg
2022_4_12_12_40_3_576817,0g,recycle,2022_4_12_12_40_3_576817.jpg
2022_4_12_12_40_6_495001,0g,recycle,2022_4_12_12_40_6_495001.jpg
2022_4_12_12_40_9_959841,0g,recycle,2022_4_12_12_40_9_959841.jpg
2022_4_12_12_40_37_493007,9g,recycle,2022_4_12_12_40_37_493007.jpg
2022_4_12_12_40_38_662478,0g,recycle,2022_4_12_12_40_38_662478.jpg
2022_4_12_12_41_0_91502,37g,recycle,2022_4_12_12_41_0_91502.jpg
2022_4_12_12_41_21_472062,1g,plastic,2022_4_12_12_41_21_472062.jpg
2022_4_12_12_41_37_808605,51g,recycle,2022_4_12_12_41_37_808605.jpg
2022_4_12_12_41_51_720819,76g,recycle,2022_4_12_12_41_51_720819.jpg
2022_4_12_12_42_50_222046,0g,recycle,2022_4_12_12_42_50_222046.jpg
2022_4_12_12_42_53_249171,1g,plastic,2022_4_12_12_42_53_249171.jpg
2022_4_12_12_43_9_652543,0g,recycle,2022_4_12_12_43_9_652543.jpg
2022_4_12_12_45_53_59478,11g,plastic,2022_4_12_12_45_53_59478.jpg
2022_4_12_12_46_7_796718,0g,plastic,2022_4_12_12_46_7_796718.jpg
2022_4_12_12_46_49_788703,11g,plastic,2022_4_12_12_46_49_788703.jpg
2022_4_12_12_46_51_195528,0g,recycle,2022_4_12_12_46_51_195528.jpg
2022_4_12_12_47_49_622487,1g,trash,2022_4_12_12_47_49_622487.jpg
2022_4_12_12_47_59_718144,0g,trash,2022_4_12_12_47_59_718144.jpg
2022_4_12_12_50_39_478422,36g,glass,2022_4_12_12_50_39_478422.jpg
2022_4_12_12_50_42_166905,0g,plastic,2022_4_12_12_50_42_166905.jpg
2022_4_12_12_50_45_155847,36g,recycle,2022_4_12_12_50_45_155847.jpg
2022_4_12_12_51_21_391661,32g,trash,2022_4_12_12_51_21_391661.jpg
2022_4_12_12_51_23_168136,0g,trash,2022_4_12_12_51_23_168136.jpg
2022_4_12_12_53_23_342360,12g,recycle,2022_4_12_12_53_23_342360.jpg
2022_4_12_12_54_4_89647,50g,plastic,2022_4_12_12_54_4_89647.jpg
2022_4_12_12_54_17_527300,0g,recycle,2022_4_12_12_54_17_527300.jpg
2022_4_12_12_54_32_386749,0g,recycle,2022_4_12_12_54_32_386749.jpg
2022_4_12_12_54_45_292525,0g,plastic,2022_4_12_12_54_45_292525.jpg
2022_4_12_12_55_4_218557,0g,plastic,2022_4_12_12_55_4_218557.jpg
2022_4_12_12_55_8_479736,0g,plastic,2022_4_12_12_55_8_479736.jpg
2022_4_12_12_55_10_922831,1g,recycle,2022_4_12_12_55_10_922831.jpg
2022_4_12_12_57_26_39973,32g,plastic,2022_4_12_12_57_26_39973.jpg
2022_4_12_12_57_29_906039,277g,glass,2022_4_12_12_57_29_906039.jpg
2022_4_12_12_57_39_540533,50g,plastic,2022_4_12_12_57_39_540533.jpg
2022_4_12_12_57_41_438863,50g,glass,2022_4_12_12_57_41_438863.jpg
2022_4_12_12_57_42_801561,50g,recycle,2022_4_12_12_57_42_801561.jpg
2022_4_12_12_57_54_801663,0g,recycle,2022_4_12_12_57_54_801663.jpg
2022_4_12_12_58_56_484088,93g,plastic,2022_4_12_12_58_56_484088.jpg
2022_4_12_12_59_7_282099,0g,recycle,2022_4_12_12_59_7_282099.jpg
2022_4_12_12_59_44_157126,3g,recycle,2022_4_12_12_59_44_157126.jpg
2022_4_12_12_59_57_460417,1g,recycle,2022_4_12_12_59_57_460417.jpg
2022_4_12_13_0_26_489134,261g,glass,2022_4_12_13_0_26_489134.jpg
2022_4_12_13_0_40_231970,0g,recycle,2022_4_12_13_0_40_231970.jpg
2022_4_12_13_1_49_306482,260g,glass,2022_4_12_13_1_49_306482.jpg
2022_4_12_13_7_5_192410,260g,glass,2022_4_12_13_7_5_192410.jpg
2022_4_12_13_7_15_679719,0g,recycle,2022_4_12_13_7_15_679719.jpg
2022_4_12_13_7_43_665727,259g,glass,2022_4_12_13_7_43_665727.jpg
2022_4_12_13_8_7_42606,268g,glass,2022_4_12_13_8_7_42606.jpg
2022_4_12_13_11_17_645553,259g,glass,2022_4_12_13_11_17_645553.jpg
2022_4_12_13_11_29_292177,260g,glass,2022_4_12_13_11_29_292177.jpg
2022_4_12_13_11_45_505855,0g,plastic,2022_4_12_13_11_45_505855.jpg
2022_4_12_13_11_46_397127,260g,glass,2022_4_12_13_11_46_397127.jpg
2022_4_12_13_11_56_430335,0g,plastic,2022_4_12_13_11_56_430335.jpg
2022_4_12_13_12_46_259372,259g,glass,2022_4_12_13_12_46_259372.jpg
2022_4_12_13_12_47_134230,259g,glass,2022_4_12_13_12_47_134230.jpg
2022_4_12_13_12_58_124086,0g,plastic,2022_4_12_13_12_58_124086.jpg
2022_4_12_13_14_44_278833,0g,plastic,2022_4_12_13_14_44_278833.jpg
2022_4_12_13_15_29_166377,2g,plastic,2022_4_12_13_15_29_166377.jpg
2022_4_12_13_16_15_407088,261g,glass,2022_4_12_13_16_15_407088.jpg
2022_4_12_13_16_32_909425,259g,glass,2022_4_12_13_16_32_909425.jpg
2022_4_12_13_16_34_505129,1g,recycle,2022_4_12_13_16_34_505129.jpg
2022_4_12_13_16_37_402908,264g,glass,2022_4_12_13_16_37_402908.jpg
2022_4_12_13_16_48_468466,249g,trash,2022_4_12_13_16_48_468466.jpg
2022_4_12_13_17_1_931346,10g,plastic,2022_4_12_13_17_1_931346.jpg
2022_4_12_13_17_3_408728,260g,glass,2022_4_12_13_17_3_408728.jpg
2022_4_12_13_17_4_784699,250g,recycle,2022_4_12_13_17_4_784699.jpg
2022_4_12_13_17_17_864313,1g,plastic,2022_4_12_13_17_17_864313.jpg
2022_4_12_13_17_18_525435,259g,glass,2022_4_12_13_17_18_525435.jpg
2022_4_12_13_17_37_82857,259g,glass,2022_4_12_13_17_37_82857.jpg
2022_4_12_13_17_49_872796,259g,glass,2022_4_12_13_17_49_872796.jpg
2022_4_12_13_17_53_731275,0g,plastic,2022_4_12_13_17_53_731275.jpg
2022_4_12_13_18_10_248045,31g,plastic,2022_4_12_13_18_10_248045.jpg
2022_4_12_13_18_11_454577,264g,glass,2022_4_12_13_18_11_454577.jpg
2022_4_12_13_18_12_163237,0g,plastic,2022_4_12_13_18_12_163237.jpg
2022_4_12_13_18_24_550174,0g,plastic,2022_4_12_13_18_24_550174.jpg
2022_4_12_13_19_9_514313,256g,glass,2022_4_12_13_19_9_514313.jpg
2022_4_12_13_19_30_366730,0g,plastic,2022_4_12_13_19_30_366730.jpg
2022_4_12_13_21_16_105255,235g,glass,2022_4_12_13_21_16_105255.jpg
2022_4_12_13_21_31_831667,220g,glass,2022_4_12_13_21_31_831667.jpg
2022_4_12_13_21_34_726091,0g,plastic,2022_4_12_13_21_34_726091.jpg
2022_4_12_13_21_49_224481,172g,glass,2022_4_12_13_21_49_224481.jpg
2022_4_12_13_24_4_377078,6g,trash,2022_4_12_13_24_4_377078.jpg
2022_4_12_13_24_5_735385,2g,recycle,2022_4_12_13_24_5_735385.jpg
2022_4_12_13_24_31_265476,3g,trash,2022_4_12_13_24_31_265476.jpg
2022_4_12_13_25_30_170842,-2g,trash,2022_4_12_13_25_30_170842.jpg
2022_4_12_13_26_50_727430,5g,recycle,2022_4_12_13_26_50_727430.jpg
2022_4_12_13_26_54_182955,2g,recycle,2022_4_12_13_26_54_182955.jpg
2022_4_12_13_27_9_811431,18g,plastic,2022_4_12_13_27_9_811431.jpg
2022_4_12_13_28_54_545329,20g,recycle,2022_4_12_13_28_54_545329.jpg
2022_4_12_13_29_7_79666,31g,recycle,2022_4_12_13_29_7_79666.jpg
2022_4_12_13_29_18_49522,23g,recycle,2022_4_12_13_29_18_49522.jpg
2022_4_12_13_29_29_607786,235g,glass,2022_4_12_13_29_29_607786.jpg
2022_4_12_13_29_43_230268,3g,trash,2022_4_12_13_29_43_230268.jpg
2022_4_12_13_30_13_24363,-5g,plastic,2022_4_12_13_30_13_24363.jpg
2022_4_12_13_41_52_680891,39g,recycle,2022_4_12_13_41_52_680891.jpg
2022_4_12_13_42_6_175420,212g,glass,2022_4_12_13_42_6_175420.jpg
2022_4_12_13_42_18_507487,-3g,recycle,2022_4_12_13_42_18_507487.jpg
2022_4_12_13_42_20_946999,0g,recycle,2022_4_12_13_42_20_946999.jpg
2022_4_12_13_42_22_666278,4g,recycle,2022_4_12_13_42_22_666278.jpg
2022_4_12_13_43_8_256557,249g,glass,2022_4_12_13_43_8_256557.jpg
2022_4_12_13_43_11_787565,1g,recycle,2022_4_12_13_43_11_787565.jpg
2022_4_12_13_43_31_920906,2g,recycle,2022_4_12_13_43_31_920906.jpg
2022_4_12_13_43_33_605925,0g,recycle,2022_4_12_13_43_33_605925.jpg
2022_4_12_13_48_40_976054,1g,trash,2022_4_12_13_48_40_976054.jpg
2022_4_12_13_48_45_383586,1g,trash,2022_4_12_13_48_45_383586.jpg
2022_4_12_13_48_54_787279,16g,plastic,2022_4_12_13_48_54_787279.jpg
2022_4_12_13_49_6_301690,223g,glass,2022_4_12_13_49_6_301690.jpg
2022_4_12_13_49_8_417724,1g,plastic,2022_4_12_13_49_8_417724.jpg
2022_4_12_13_51_16_329119,21g,recycle,2022_4_12_13_51_16_329119.jpg
2022_4_12_13_51_27_857084,0g,plastic,2022_4_12_13_51_27_857084.jpg
2022_4_12_13_51_38_227799,0g,plastic,2022_4_12_13_51_38_227799.jpg
2022_4_12_13_51_48_10443,167g,glass,2022_4_12_13_51_48_10443.jpg
2022_4_12_13_52_2_349697,3g,trash,2022_4_12_13_52_2_349697.jpg
2022_4_12_13_52_6_513927,0g,recycle,2022_4_12_13_52_6_513927.jpg
2022_4_12_13_52_12_483746,3g,recycle,2022_4_12_13_52_12_483746.jpg
2022_4_12_13_52_24_347568,3g,recycle,2022_4_12_13_52_24_347568.jpg
2022_4_12_14_2_24_836628,214g,glass,2022_4_12_14_2_24_836628.jpg
2022_4_12_14_2_32_807202,39g,glass,2022_4_12_14_2_32_807202.jpg
2022_4_12_14_2_33_813919,39g,glass,2022_4_12_14_2_33_813919.jpg
2022_4_12_14_2_36_161762,0g,plastic,2022_4_12_14_2_36_161762.jpg
2022_4_12_14_2_38_696441,2g,plastic,2022_4_12_14_2_38_696441.jpg
2022_4_12_14_2_41_482338,37g,glass,2022_4_12_14_2_41_482338.jpg
2022_4_12_14_3_3_769639,39g,recycle,2022_4_12_14_3_3_769639.jpg
2022_4_12_14_6_47_265524,25g,plastic,2022_4_12_14_6_47_265524.jpg
2022_4_12_14_7_33_66387,4g,trash,2022_4_12_14_7_33_66387.jpg
2022_4_12_14_7_35_778279,1g,trash,2022_4_12_14_7_35_778279.jpg
2022_4_12_14_14_49_239198,0g,trash,2022_4_12_14_14_49_239198.jpg
2022_4_12_14_14_50_186989,0g,trash,2022_4_12_14_14_50_186989.jpg
2022_4_12_14_14_59_923390,26g,recycle,2022_4_12_14_14_59_923390.jpg
2022_4_12_14_15_51_144249,18g,trash,2022_4_12_14_15_51_144249.jpg
2022_4_12_14_15_53_636108,19g,plastic,2022_4_12_14_15_53_636108.jpg
2022_4_12_14_15_55_214663,2g,recycle,2022_4_12_14_15_55_214663.jpg
2022_4_12_14_16_6_71707,-3g,plastic,2022_4_12_14_16_6_71707.jpg
2022_4_12_14_16_32_402801,-7g,plastic,2022_4_12_14_16_32_402801.jpg
2022_4_12_14_17_2_489126,-5g,plastic,2022_4_12_14_17_2_489126.jpg
2022_4_12_14_26_12_244534,231g,glass,2022_4_12_14_26_12_244534.jpg
2022_4_12_14_26_37_490236,33g,plastic,2022_4_12_14_26_37_490236.jpg
2022_4_12_14_27_55_904026,19g,plastic,2022_4_12_14_27_55_904026.jpg
2022_4_12_14_27_59_146998,184g,glass,2022_4_12_14_27_59_146998.jpg
2022_4_12_14_30_47_208639,21g,plastic,2022_4_12_14_30_47_208639.jpg
2022_4_12_14_30_56_879725,-6g,plastic,2022_4_12_14_30_56_879725.jpg
2022_4_12_14_31_10_519683,257g,glass,2022_4_12_14_31_10_519683.jpg
2022_4_12_14_31_52_952950,234g,glass,2022_4_12_14_31_52_952950.jpg
2022_4_12_14_32_24_12387,-7g,plastic,2022_4_12_14_32_24_12387.jpg
2022_4_12_14_32_56_132934,195g,glass,2022_4_12_14_32_56_132934.jpg
2022_4_12_14_32_57_184600,27g,plastic,2022_4_12_14_32_57_184600.jpg
2022_4_12_14_33_0_91148,194g,recycle,2022_4_12_14_33_0_91148.jpg
2022_4_12_14_33_16_508560,-6g,plastic,2022_4_12_14_33_16_508560.jpg
2022_4_12_14_34_35_655219,7g,plastic,2022_4_12_14_34_35_655219.jpg
2022_4_12_14_34_36_884710,233g,glass,2022_4_12_14_34_36_884710.jpg
2022_4_12_14_35_3_557314,227g,glass,2022_4_12_14_35_3_557314.jpg
2022_4_12_14_44_37_105580,0g,trash,2022_4_12_14_44_37_105580.jpg
2022_4_12_14_45_47_128791,178g,trash,2022_4_12_14_45_47_128791.jpg
2022_4_12_14_46_0_191360,228g,glass,2022_4_12_14_46_0_191360.jpg
2022_4_12_14_46_11_371313,235g,glass,2022_4_12_14_46_11_371313.jpg
2022_4_12_14_46_29_995733,194g,glass,2022_4_12_14_46_29_995733.jpg
2022_4_12_14_46_43_18282,-5g,plastic,2022_4_12_14_46_43_18282.jpg
2022_4_12_14_49_24_185694,25g,plastic,2022_4_12_14_49_24_185694.jpg
2022_4_12_14_49_49_994853,3g,trash,2022_4_12_14_49_49_994853.jpg
2022_4_12_14_49_52_526026,1g,trash,2022_4_12_14_49_52_526026.jpg
2022_4_12_14_59_28_464788,27g,glass,2022_4_12_14_59_28_464788.jpg
2022_4_12_14_59_29_720425,27g,plastic,2022_4_12_14_59_29_720425.jpg
2022_4_12_15_0_36_508377,8g,trash,2022_4_12_15_0_36_508377.jpg
2022_4_12_15_0_55_365288,2g,plastic,2022_4_12_15_0_55_365288.jpg
2022_4_12_15_2_8_654781,0g,plastic,2022_4_12_15_2_8_654781.jpg
2022_4_12_15_2_14_208554,0g,plastic,2022_4_12_15_2_14_208554.jpg
2022_4_12_15_2_22_442319,-7g,plastic,2022_4_12_15_2_22_442319.jpg
2022_4_12_15_3_7_914597,-6g,recycle,2022_4_12_15_3_7_914597.jpg
2022_4_12_15_3_11_717168,-5g,recycle,2022_4_12_15_3_11_717168.jpg
2022_4_12_15_3_26_759431,48g,trash,2022_4_12_15_3_26_759431.jpg
2022_4_12_15_3_26_981665,47g,recycle,2022_4_12_15_3_26_981665.jpg
2022_4_12_15_21_53_303768,30g,recycle,2022_4_12_15_21_53_303768.jpg
2022_4_12_15_26_27_595249,32g,plastic,2022_4_12_15_26_27_595249.jpg
2022_4_12_15_27_29_858160,24g,recycle,2022_4_12_15_27_29_858160.jpg
2022_4_12_15_31_48_626063,1g,trash,2022_4_12_15_31_48_626063.jpg
2022_4_12_15_31_52_850573,0g,recycle,2022_4_12_15_31_52_850573.jpg
2022_4_12_15_31_55_293193,0g,recycle,2022_4_12_15_31_55_293193.jpg
2022_4_12_15_31_58_703675,0g,plastic,2022_4_12_15_31_58_703675.jpg
2022_4_12_15_32_14_815755,-7g,recycle,2022_4_12_15_32_14_815755.jpg
2022_4_12_15_32_17_80208,7g,trash,2022_4_12_15_32_17_80208.jpg
2022_4_12_15_32_19_791504,0g,recycle,2022_4_12_15_32_19_791504.jpg
2022_4_12_15_33_36_897951,63g,glass,2022_4_12_15_33_36_897951.jpg
2022_4_12_15_33_50_688807,1g,recycle,2022_4_12_15_33_50_688807.jpg
2022_4_12_15_34_2_158121,1g,recycle,2022_4_12_15_34_2_158121.jpg
2022_4_12_15_34_4_589759,0g,plastic,2022_4_12_15_34_4_589759.jpg
2022_4_12_15_34_14_605737,-8g,plastic,2022_4_12_15_34_14_605737.jpg
2022_4_12_15_34_41_198481,8g,trash,2022_4_12_15_34_41_198481.jpg
2022_4_12_15_34_41_561252,8g,plastic,2022_4_12_15_34_41_561252.jpg
2022_4_12_15_36_36_254481,-7g,plastic,2022_4_12_15_36_36_254481.jpg
2022_4_12_15_38_54_19824,7g,plastic,2022_4_12_15_38_54_19824.jpg
2022_4_12_15_39_5_370426,1262g,glass,2022_4_12_15_39_5_370426.jpg
2022_4_12_15_41_22_220936,177g,glass,2022_4_12_15_41_22_220936.jpg
2022_4_12_15_41_34_906629,15g,plastic,2022_4_12_15_41_34_906629.jpg
2022_4_12_15_41_52_534569,195g,glass,2022_4_12_15_41_52_534569.jpg
2022_4_12_15_41_55_813593,3g,plastic,2022_4_12_15_41_55_813593.jpg
2022_4_12_15_42_3_113531,0g,plastic,2022_4_12_15_42_3_113531.jpg
2022_4_12_15_42_5_523839,7g,plastic,2022_4_12_15_42_5_523839.jpg
2022_4_12_15_42_9_51067,1g,recycle,2022_4_12_15_42_9_51067.jpg
